台帳ID,管理対象ID,名称,ふりがな,員数,棟名,文化財種類,種別1,種別2,国,時代,年代,西暦,構造及び形式等,その他参考となるべき事項,登録番号,登録回,登録告示年月日,登録年月日,追加年月日,重文指定年月日,国宝指定年月日,登録基準1,登録基準2,都道府県,所在地,保管施設の名称,所有者名,所有者種別,管理団体又は責任者,緯度,経度,解説文,画像URL
101,00000082,益田市立歴史民俗資料館（旧美濃郡役所）,ますだしりつれきしみんぞくしりょうかん（きゅうみのぐんやくしょ）,1棟,,登録有形文化財(建造物),官公庁舎,建築物,,大正,大正10,1921,木造平屋建、瓦葺、建築面積340㎡,,32 － 0001,1,1996.12.26(平成8.12.26),1996.12.20(平成8.12.20),,19961220,,国土の歴史的景観に寄与しているもの,,島根県,島根県益田市本町6-8,,益田市,,,34.67730000000000,131.86020000000000,郡役所として建設された和風，平屋建の建物で，正面に車寄せと左右前方に突出する入母屋造の翼屋が付く平面構成は，大正期の役場建築の特徴を示している。全体として軒高が高いが，内法上に小庇及び欄間を付け軒下の意匠を整えている。,https://bunka.nii.ac.jp/heritage/43967/_101072/43967_101072111225010334434_300.jpg
101,00000083,横田相愛教会（旧救世軍会館）,よこたそうあいきょうかい（きゅうきゅうせいぐんかいかん）,1棟,,登録有形文化財(建造物),宗教,建築物,,大正,大正12,1923,木造2階建塔屋付、亜鉛メッキ銅板葺、建築面積155㎡,,32 － 0002,1,1996.12.26(平成8.12.26),1996.12.20(平成8.12.20),,19961220,,国土の歴史的景観に寄与しているもの,,島根県,島根県仁多郡奥出雲町横田924,,,,,35.17981000000000,133.09060000000000,桁行１１間，梁間７間の規模の木造２階建の教会で，正面に出入り口を兼ねた４階建ての塔屋が取り付く。地元の求道者岡崎喜一郎が私財を投じて建築にあたったという。外壁を下見板張りとし，特徴的な窓枠を備えた素朴な洋風の教会である。,https://bunka.nii.ac.jp/heritage/43967/_101073/43967_101073111225010336011_300.jpg
101,00000084,一畑電鉄出雲大社前駅舎,いちばたでんてついずもたいしゃまええきしゃ,1棟,,登録有形文化財(建造物),交通,建築物,,昭和前,昭和5,1930,鉄筋コンクリート造平屋建、瓦葺、建築面積174㎡,,32 － 0003,1,1996.12.26(平成8.12.26),1996.12.20(平成8.12.20),,19961220,,国土の歴史的景観に寄与しているもの,,島根県,島根県出雲市大社町杵築南1346-7,,一畑電車株式会社,,,35.39357000000000,132.68710000000000,一畑電鉄大社線の開通に伴い，出雲大社の参道筋にあたる神門通りに接して大社神門駅と呼ばれた駅舎が建設された。鉄筋コンクリート造・平屋建で，軒線を強調し，セセッション風の屋根をかける独特の外観を保つ。特異な外観を持つ駅舎として親しまれている。,https://bunka.nii.ac.jp/heritage/43967/_101074/43967_101074111225010336636_300.jpg
101,00000085,いなさ会館（旧島根県立第三中学校講堂）,いなさかいかん（きゅうしまねけんりつだいさんちゅうがっこうこうどう）,1棟,,登録有形文化財(建造物),学校,建築物,,明治,明治35,1902,木造平屋建、瓦葺、建築面積324㎡,,32 － 0004,1,1996.12.26(平成8.12.26),1996.12.20(平成8.12.20),,19961220,,国土の歴史的景観に寄与しているもの,,島根県,島根県出雲市大社町北荒木1473,,いなさ会,,,35.38145000000000,132.70310000000000,旧制中学校の講堂として建てられ，開口部の上げ下げ窓や下見板張りとする外観は，擬洋風様式でまとめあげる。昭和５５年に現在地に移築されたが，同時に解体された旧校舎の玄関ポーチが組み込まれ，思い出の校舎として一体的に保存活用されている。,https://bunka.nii.ac.jp/heritage/43967/_101075/43967_101075111225010337971_300.jpg
101,00000086,津和野カトリック教会,つわのかとりっくきょうかい,1棟,,登録有形文化財(建造物),宗教,建築物,,昭和前,昭和4,1929,木造平屋建、鉄板葺、建築面積131㎡,,32 － 0005,1,1996.12.26(平成8.12.26),1996.12.20(平成8.12.20),,19961220,,国土の歴史的景観に寄与しているもの,,島根県,島根県鹿足郡津和野町大字後田ロ66-7,,カトリック広島司教区,,,34.46746000000000,131.77410000000000,この教会は，長崎浦上のキリシタン信徒の殉教地として知られる津和野にビリオン神父によって創設されたもので，現在の建物は昭和４年の再建である。木造平屋建の単塔式のゴシック様式になり，簡潔な図柄のスデンドグラスのある教会として親しまれている。,https://bunka.nii.ac.jp/heritage/43967/_101076/43967_101076111225010338279_300.jpg
101,00000087,津和野町役場（旧鹿足郡役所）,つわのちょうやくば（きゅうかのあしぐんやくしょ）,1棟,,登録有形文化財(建造物),官公庁舎,建築物,,大正,大正8,1919,木造平屋建、瓦葺、建築面積595㎡,,32 － 0006,1,1996.12.26(平成8.12.26),1996.12.20(平成8.12.20),,19961220,,国土の歴史的景観に寄与しているもの,,島根県,島根県鹿足郡津和野町後田ロ64-６,,津和野町,,,34.46714353000000,131.77315815000000,"真壁造，瓦葺きの和風建築で，益田市立民俗資料館(旧美濃郡役所)と酷似した外観意匠になり，正面に車寄せ及び左右に翼屋が突き出す特徴的な役場建築の形態を保つが,規模はこの建物の方が大きい｡津和野における大正期からの役場として親しまれている。",https://bunka.nii.ac.jp/heritage/43967/_101077/43967_101077277022644632274_300.jpg
101,00000158,浜田市立第一中学校屋内運動場（旧歩兵第21連隊雨覆練兵場）,はまだしりつだいいちちゅうがっこうおくないうんどうじょう（きゅうほへいだいにじゅういちれんたいあめおおいれんぺいじょう）,1棟,,登録有形文化財(建造物),その他,建築物,,明治,明治31,1898,煉瓦造平屋建，スレート葺，建築面積639㎡,,32 － 0007,2,1997.05.29(平成9.05.29),1997.05.07(平成9.05.07),,19970507,,造形の規範となっているもの,,島根県,島根県浜田市黒川町3745,,浜田市,,,34.90166000000000,132.09730000000000,煉瓦造，切妻造，波形鉄板葺，棟に明かり取りを兼ねた小屋根をかける。質素な外観ながら，小屋組にＬ型鋼のフィンクトラスを用いて室内空間を造り出す点は壮観である。山陰地方で煉瓦造及び鉄骨小屋組を用いた建造物の最初期の好例である。,https://bunka.nii.ac.jp/heritage/43967/_101148/43967_101148111225010430030_300.jpg
101,00000159,島根県立浜田高等学校第二体育館（旧歩兵第21連隊雨覆練兵場）,しまねけんりつはまだこうとうがっこうだいにたいいくかん（きゅうほへいだいにじゅういちれんたいあめおおいれんぺいじょう）,1棟,,登録有形文化財(建造物),その他,建築物,,大正,大正5,1916,煉瓦造平屋建，スレート葺，建築面積644㎡,,32 － 0008,2,1997.05.29(平成9.05.29),1997.05.07(平成9.05.07),,19970507,,国土の歴史的景観に寄与しているもの,,島根県,島根県浜田市黒川町3749,,島根県,,,34.89908000000000,132.09670000000000,浜田市立第一中学校屋内運動場と同じく，旧陸軍の屋内練兵場の建物を再利用したもの。建築の年代は大正５年と新しいが，構造規模ともほぼ同様になる。県道の際にあり同窓生はもとより道行く人にも広く知られた建物である。,https://bunka.nii.ac.jp/heritage/43967/_101149/43967_101149111225010431561_300.jpg
101,00000478,鳥上木炭銑工場角炉施設,とりかみもくたんせんこうじょうかくろしせつ,1構,,登録有形文化財(建造物),産業2次,その他工作,,大正,大正7,1918,煉瓦造及び鉄造角炉2基，木造2階建覆屋付属,,32 － 0009,8,1998.02.12(平成10.02.12),1998.01.16(平成10.01.16),,19980116,,国土の歴史的景観に寄与しているもの,,島根県,島根県仁多郡奥出雲町大呂529,,日立金属株式会社,,,35.19212000000000,133.13040000000000,製鉄用の角炉２基に覆屋をかけた構成になる。この施設での製鉄は，大正７年に創業，以後数度の改良を経て，昭和４０年まで続いた。角炉は，煉瓦造の１号炉が創業時，鉄製の２号炉がしょうわ２７年の建設。大正期の地場産業を象徴する産業施設として広く親しまれている。,https://bunka.nii.ac.jp/heritage/43967/_101468/43967_101468111225010749400_300.jpg
101,00000548,旧田所小学校講堂,きゅうたどころしょうがっこうこうどう,1棟,,登録有形文化財(建造物),学校,建築物,,昭和前,昭和3,1928,木造平屋建，瓦葺，建築面積395㎡,,32 － 0010,9,1998.06.09(平成10.06.09),1998.04.21(平成10.04.21),,19980421,,国土の歴史的景観に寄与しているもの,,島根県,島根県邑智郡邑南町大字下亀谷210,,邑南町,,,34.85028000000000,132.51950000000000,入母屋の大屋根を架す典型的な小学校講堂建築。側面出入口の腰折れ型の庇，妻面開口部枠の扁平アーチ，妻飾りなどに大正昭和期木造建築の特徴が示されている。瑞穂町教育の歴史を物語る施設として，卒業生のみならず多くの町民から親しまれている。,https://bunka.nii.ac.jp/heritage/43967/_101538/43967_101538111225010839172_300.jpg
101,00002980,旧米江旅館本館北棟,きゅうよねえりょかんほんかんきたとう,1棟,,登録有形文化財(建造物),産業3次,建築物,,昭和前,昭和2,1927,木造2階建、瓦葺、建築面積150㎡,,32 － 0011,34,2002.09.03(平成14.09.03),2002.08.21(平成14.08.21),,20020821,,造形の規範となっているもの,,島根県,島根県松江市伊勢宮町535,,,,,35.46571000000000,133.05990000000000,松江城下の市街地にある老舗の旅館建築。敷地北側の街路に面して建つ北棟は，切妻造・平入の２階建で，入母屋造の玄関を設ける。２階を客室６室とするが，各室ごとに良質の銘木・珍木を用い趣向を凝らした座敷飾を整え，当時の和風建築のあり様を示している。,https://bunka.nii.ac.jp/heritage/43967/_103970/43967_103970111225013441107_300.jpg
101,00002981,旧米江旅館本館南棟,きゅうよねえりょかんほんかんみなみとう,1棟,,登録有形文化財(建造物),産業3次,建築物,,昭和前,昭和2,1927,木造一部鉄筋コンクリート造2階建、瓦葺、建築面積124㎡,,32 － 0012,34,2002.09.03(平成14.09.03),2002.08.21(平成14.08.21),,20020821,,造形の規範となっているもの,,島根県,島根県松江市伊勢宮町535,,,,,35.46558000000000,133.06000000000000,松江城下の市街地にある老舗の旅館建築。敷地南側の街路に面して建つ南棟は，切妻造・平入の２階建で，１階を食堂と茶室，２階を客室３室とする。２階１５畳の広間は折上格天井で，繊細な付書院を備える。よく吟味した材料を用い，瀟洒な造形にまとめている。,https://bunka.nii.ac.jp/heritage/43967/_103971/43967_103971111225013441895_300.jpg
101,00003306,旧八川郵便局,きゅうやかわゆうびんきょく,1棟,,登録有形文化財(建造物),官公庁舎,建築物,,昭和前,昭和13,1938,木造2階建、鉄板瓦棒葺、建築面積150㎡,,32 － 0013,36,2003.04.08(平成15.04.08),2003.03.18(平成15.03.18),,20030318,,国土の歴史的景観に寄与しているもの,,島根県,島根県仁多郡奥出雲町下横田410-2,,,,,35.15913000000000,133.08430000000000,通りに面して建つ木造２階建，平入で，屋根は半切妻造・瓦棒鉄板葺である。正面は柱型フレームで壁面を整然と分割し，ドイツ壁風の仕上げで，要所にレリーフを飾る。地方における昭和前期の洋風郵便局舎の事例で，保存状態も良く，地域で親しまれている。,https://bunka.nii.ac.jp/heritage/43967/_104296/43967_104296111225013805574_300.jpg
101,00003691,角家住宅主屋,すみけじゅうたくしゅおく,1棟,,登録有形文化財(建造物),住宅,建築物,,明治,明治39,1906,木造2階建、瓦葺、建築面積237㎡,,32 － 0014,39,2003.12.25(平成15.12.25),2003.12.01(平成15.12.01),,20031201,,造形の規範となっているもの,,島根県,島根県安来市西荒島町字下日白2172,,,,,35.42993000000000,133.19410000000000,中海南岸から程近い敷地のほぼ中央に建つ。３列９室の床上部の北側に土間を設ける平面で，西よりに３室の２階を設ける。屋根は入母屋造，桟瓦葺で，４方に瓦葺の庇を巡らし，庇上や妻壁下部を海鼠壁とする。豪壮な外観が特徴で，大規模民家建築の好例である。,https://bunka.nii.ac.jp/heritage/43967/_104681/43967_104681111225014217496_300.jpg
101,00003692,角家住宅門長屋,すみけじゅうたくもんながや,1棟,,登録有形文化財(建造物),住宅,建築物,,明治,明治39頃,1906頃,木造平屋建、瓦葺、建築面積36㎡,,32 － 0015,39,2003.12.25(平成15.12.25),2003.12.01(平成15.12.01),,20031201,,国土の歴史的景観に寄与しているもの,,島根県,島根県安来市西荒島町字下日白2172,,,,,35.42987000000000,133.19430000000000,敷地の東側北寄りに建つ。入母屋造，桟瓦葺の門長屋で，中央やや北寄りに両開の門を設け，その北側を板敷の物置，南側を床を備える居室としている。壁面上部は漆喰塗，腰部は板張りで，主屋とは異なり赤瓦を用いない。明治後期の農村景観を伝える建物である。,https://bunka.nii.ac.jp/heritage/43967/_104682/43967_104682111225014218024_300.jpg
101,00003693,角家住宅離れ客間,すみけじゅうたくはなれきゃくま,1棟,,登録有形文化財(建造物),住宅,建築物,,明治,明治39頃,1906頃,木造平屋建、瓦葺、建築面積54㎡,,32 － 0016,39,2003.12.25(平成15.12.25),2003.12.01(平成15.12.01),,20031201,,造形の規範となっているもの,,島根県,島根県安来市西荒島町字下日白2172,,,,,35.42987000000000,133.19390000000000,主屋南西隅に渡廊下を介して接続する。内部には水屋，茶室，客間を配し，北側と東側に縁を巡らし，さらに北側に独立した玄関を設けている。屋根は切妻造，桟瓦葺で，茶室・客間部分を一段切り上げる。茶室と客間を複合させた離れの好事例。,https://bunka.nii.ac.jp/heritage/43967/_104683/43967_104683111225014219182_300.jpg
101,00003694,角家住宅煉瓦造煙突,すみけじゅうたくれんがぞうえんとつ,1基,,登録有形文化財(建造物),住宅,その他工作,,明治,明治39頃,1906頃,煉瓦造、高さ6m,,32 － 0017,39,2003.12.25(平成15.12.25),2003.12.01(平成15.12.01),,20031201,,国土の歴史的景観に寄与しているもの,,島根県,島根県安来市西荒島町字下日白2172,,,,,35.43006000000000,133.19410000000000,主屋の西寄りに建つ。当初は煙突に接し台所が設けられていたが，現在では失われている。正方形の断面を持つ煉瓦造煙突で，上部に向かって径を細くする形で，頂部に若干のアクセントを付ける。台所の近代化を物語る遺構で、往時の屋敷構えの一端を今に伝える。,https://bunka.nii.ac.jp/heritage/43967/_104684/43967_104684111225014219720_300.jpg
101,00003909,絲原家住宅主屋,いとはらけじゅうたくしゅおく,1棟,,登録有形文化財(建造物),住宅,建築物,,大正,大正13,1924,木造2階一部平屋建、瓦葺、建築面積900㎡,,32 － 0018,40,2004.03.04(平成16.03.04),2004.02.17(平成16.02.17),,20040217,,造形の規範となっているもの,,島根県,島根県仁多郡奥出雲町大谷856-1,,,,,35.17458000000000,133.03460000000000,敷地中央に東面して建つ。入母屋造の主体部の周囲に庇を廻らし，正面に式台玄関を突出する。地元民家の形式を踏襲しつつ間口３０ｍに及ぶ大規模建物で，良材を用いた本格的な書院座敷には近代大工技術の粋が見られる。設計小笠原祥光、棟梁は地元の高田榮蔵。,https://bunka.nii.ac.jp/heritage/43967/_104899/43967_104899111225014446895_300.jpg
101,00003910,絲原家住宅前座敷,いとはらけじゅうたくまえざしき,1棟,,登録有形文化財(建造物),住宅,建築物,,明治,明治後期／昭和11一部改造,1868-1911／1936一部改造,木造平屋建、鉄板葺一部瓦葺、建築面積150㎡,,32 － 0019,40,2004.03.04(平成16.03.04),2004.02.17(平成16.02.17),,20040217,,造形の規範となっているもの,,島根県,島根県仁多郡奥出雲町大谷856-1,,,,,35.17446000000000,133.03480000000000,主屋東方の庭園に面して建つ。入母屋造の身舎周囲に庇を廻らした形式で，全体をこけら葺とする。規模は大きくないが精緻な造りの本格的な書院建築で，主屋同様座敷３室を一列に並べる。その北に床棚を備え，格天井とする和風を基調とした洋間をとるのも特徴。,https://bunka.nii.ac.jp/heritage/43967/_104900/43967_104900111225014447405_300.jpg
101,00003911,絲原家住宅南蔵,いとはらけじゅうたくみなみぐら,1棟,,登録有形文化財(建造物),住宅,建築物,,明治,明治9,1876,土蔵造2階建、瓦葺、建築面積193㎡,,32 － 0020,40,2004.03.04(平成16.03.04),2004.02.17(平成16.02.17),,20040217,,国土の歴史的景観に寄与しているもの,,島根県,島根県仁多郡奥出雲町大谷856-1,,,,,35.17424000000000,133.03480000000000,前座敷の南方，東の道沿いに建つ。桁行８間，梁間３間，土蔵造，２階建で，石州瓦による置屋根とする。西面に戸前２口を開くが，屋内は間仕切を設けず１室とする。漆喰塗で，腰部，４隅，また水切瓦上を海鼠壁とするなど，屋敷の表構えに相応しい外観を造る。,https://bunka.nii.ac.jp/heritage/43967/_104901/43967_104901111225014447961_300.jpg
101,00003912,絲原家住宅米蔵,いとはらけじゅうたくこめぐら,1棟,,登録有形文化財(建造物),住宅,建築物,,江戸,江戸末期,1830-1867,土蔵造2階建、瓦葺、建築面積118㎡,,32 － 0021,40,2004.03.04(平成16.03.04),2004.02.17(平成16.02.17),,20040217,,国土の歴史的景観に寄与しているもの,,島根県,島根県仁多郡奥出雲町大谷856-1,,,,,35.17475000000000,133.03450000000000,主屋の北西に隣接する。桁行５間，梁間３間，土蔵造，２階建で，石州瓦による置屋根とする。戸前となる東面には全面に瓦葺の庇を付ける。外壁は漆喰塗で，腰を海鼠壁とする。１階床を高く張ったたちの高い外観をもち，主屋とともに屋敷北部の構えを形成する。,https://bunka.nii.ac.jp/heritage/43967/_104902/43967_104902111225014449158_300.jpg
101,00003913,絲原家住宅待合,いとはらけじゅうたくまちあい,1棟,,登録有形文化財(建造物),住宅,建築物,,昭和前,昭和初期,1926-1988,木造平屋建、杉皮葺、建築面積3㎡,,32 － 0022,40,2004.03.04(平成16.03.04),2004.02.17(平成16.02.17),,20040217,,国土の歴史的景観に寄与しているもの,,島根県,島根県仁多郡奥出雲町大谷856-1,,,,,35.17418000000000,133.03480000000000,南蔵のすぐ西にあり，もと南東方にあった大徳寺真珠庵庭玉軒写しの茶席の待合として建設された。軸部，軒，造作材全てに丸太，曲木を用い，屋根は杉皮葺で，押えや棟に竹を用いた軽快な造りになる。小規模な施設だが，主屋南東の池泉庭園の点景となっている。,https://bunka.nii.ac.jp/heritage/43967/_104903/43967_104903111225014450040_300.jpg
101,00003914,絲原家住宅御成門,いとはらけじゅうたくおなりもん,1棟,,登録有形文化財(建造物),住宅,その他工作,,江戸,江戸末期,1830-1867,木造、瓦葺、間口2.3m、袖塀付,,32 － 0023,40,2004.03.04(平成16.03.04),2004.02.17(平成16.02.17),,20040217,,国土の歴史的景観に寄与しているもの,,島根県,島根県仁多郡奥出雲町大谷856-1,,,,,35.17509000000000,133.03510000000000,前座敷と南蔵の間に建つ。藩主御成のための門で，前座敷建設時に西方から曳屋したとされる。棟門形式，桟瓦葺で，両脇に桟瓦葺屋根をかけ腰を簓子下見張とした袖塀が続く。内法高が低く簡素な形式の門だが，前座敷，南蔵と並び屋敷の表構えに欠かせない建物。,https://bunka.nii.ac.jp/heritage/43967/_104904/43967_104904111225014451596_300.jpg
101,00003915,絲原家住宅塀,いとはらけじゅうたくへい,1棟,,登録有形文化財(建造物),住宅,その他工作,,明治,明治後期,1868-1911,木造、瓦葺、延長36m,,32 － 0024,40,2004.03.04(平成16.03.04),2004.02.17(平成16.02.17),,20040217,,国土の歴史的景観に寄与しているもの,,島根県,島根県仁多郡奥出雲町大谷856-1,,,,,35.17480000000000,133.03500000000000,宅地の北東隅部を矩折に仕切る。切石積基壇上に土台を置き，１間毎に柱を立て，各柱上部の短い腕木で出桁を受け，桟瓦葺の屋根をかける。上半を漆喰壁，下半を下見板張に仕上げる。御成門への導入路に沿って長く続き，屋敷の構成要素として欠かせない建造物。,https://bunka.nii.ac.jp/heritage/43967/_104905/43967_104905111225014452840_300.jpg
101,00003916,絲原家住宅門柱,いとはらけじゅうたくもんちゅう,1棟,,登録有形文化財(建造物),住宅,その他工作,,明治,明治後期,1868-1911,石造、間口3.7m,,32 － 0025,40,2004.03.04(平成16.03.04),2004.02.17(平成16.02.17),,20040217,,国土の歴史的景観に寄与しているもの,,島根県,島根県仁多郡奥出雲町大谷856-2,,,,,35.17434000000000,133.03490000000000,屋敷の東辺に沿って一直線に続く道の途中に建つ。各高さ約４ｍの花崗岩１石になり，１辺約４５㎝の正方形断面で唐戸面を取り，間口約３．７ｍで立てられる。黒塗門扉があったため黒門とも称される表門で，規模雄大で屋敷導入部を示すにふさわしい格式をもつ。,https://bunka.nii.ac.jp/heritage/43967/_104906/43967_104906111225014453711_300.jpg
101,00003917,絲原家住宅金屋子神社,いとはらけじゅうたくかながごじんじゃ,1棟,,登録有形文化財(建造物),住宅,建築物,,明治,明治29,1896,木造平屋建、鉄板葺、建築面積0.9㎡,,32 － 0026,40,2004.03.04(平成16.03.04),2004.02.17(平成16.02.17),,20040217,,国土の歴史的景観に寄与しているもの,,島根県,島根県仁多郡奥出雲町大谷856-21,,,,,35.17508000000000,133.03480000000000,宅地北の林の中に祀られた小祠。桁行・梁間各１間，切妻造，妻入で，切石積基壇上に建つ。軒は二軒繁垂木，屋根は銅板葺とする。小規模ながら組物，蟇股，懸魚など彫刻化された細部の派手な造りで，たたら製鉄守護神を祀るものとして鉄師屋敷の象徴的な施設。,https://bunka.nii.ac.jp/heritage/43967/_104907/43967_104907111225014454632_300.jpg
101,00004297,旅館美保館本館,りょかんみほかんほんかん,1棟,,登録有形文化財(建造物),産業3次,建築物,,明治,明治41／大正期増築,1908／1912-1925増築,木造2階建、瓦葺、建築面積604㎡,,32 － 0027,43,2004.08.17(平成16.08.17),2004.07.23(平成16.07.23),,20040723,,造形の規範となっているもの,,島根県,島根県松江市美保関町美保関573,,,,,35.56260000000000,133.30800000000000,美保神社への参道沿いにある。木造２階建の和風旅館で，切妻造，桟瓦葺の２棟が細長い敷地の南北に建ち，その間をホール（中庭）で接続し，北面には中央に軒唐破風付の庇を設ける。全体は繊細な数寄屋風で，窓，欄間，手摺など各部に趣向が凝らされている。,https://bunka.nii.ac.jp/heritage/43967/_105287/43967_105287111225014853717_300.jpg
101,00004298,旅館美保館旧本館,りょかんみほかんきゅうほんかん,1棟,,登録有形文化財(建造物),産業3次,建築物,,昭和前,昭和7,1932,木造2階建、瓦葺、建築面積482㎡,,32 － 0028,43,2004.08.17(平成16.08.17),2004.07.23(平成16.07.23),,20040723,,造形の規範となっているもの,,島根県,島根県松江市美保関町美保関570,,,,,35.56275000000000,133.30790000000000,美保神社への参道北側にあり，棟札から大工河合藤助が判明。南面して建つ木造２階建の和風旅館で，１階は事務室等とし，客室は２階に配する。切妻造，桟瓦葺，平入で，南面には出桁造で中央切妻破風付の庇を設ける。数寄屋風の簡明な意匠で纏められている。,https://bunka.nii.ac.jp/heritage/43967/_105288/43967_105288111225014855021_300.jpg
101,00004610,奥野本家住宅主屋,おくのもとけじゅうたくしゅおく,1棟,,登録有形文化財(建造物),住宅,建築物,,明治,明治5,1872,木造平屋一部2階建、瓦葺、建築面積365㎡,,32 － 0029,45,2005.02.28(平成17.02.28),2005.02.09(平成17.02.09),,20050209,,造形の規範となっているもの,,島根県,島根県安来市伯太町母里27,,津山市山北520,,,35.35303000000000,133.27330000000000,切妻造，平入で，街道に東面する。正面と両側面に下屋庇を廻し，背面に角屋を突出する。一部２階の平屋建であるが，たちが高い外観は豪壮な２階建風で，内部も上質な数寄屋風座敷や豪放な梁組を現した土間など，見所がある。地域の指標となる明治初期の町家。,https://bunka.nii.ac.jp/heritage/43967/_105600/43967_105600111225015416341_300.jpg
101,00004611,奥野本家住宅宝庫,おくのもとけじゅうたくほうこ,1棟,,登録有形文化財(建造物),住宅,建築物,,江戸,安政5,1858,土蔵造2階建、瓦葺、建築面積46㎡,,32 － 0030,45,2005.02.28(平成17.02.28),2005.02.09(平成17.02.09),,20050209,,造形の規範となっているもの,,島根県,島根県安来市伯太町母里27,,安来市,,,35.35286000000000,133.27320000000000,主屋の南西方にある。土蔵造２階建，東西棟の切妻造，桟瓦葺で，東妻面と北面に庇付の扉口を設け，内部は１・２階と２室に分かれる。外壁漆喰塗で，妻面は棟木木口を円形に象り，置屋根式の屋根が深い軒をつくる。大規模屋敷に相応しい規模形式を備えた施設。,https://bunka.nii.ac.jp/heritage/43967/_105601/43967_105601111225015418129_300.jpg
101,00004612,奥野本家住宅納屋,おくのもとけじゅうたくなや,1棟,,登録有形文化財(建造物),住宅,建築物,,大正,大正後期,1912-1925,木造2階建、瓦葺、建築面積47㎡,,32 － 0031,45,2005.02.28(平成17.02.28),2005.02.09(平成17.02.09),,20050209,,造形の規範となっているもの,,島根県,島根県安来市伯太町母里27,,安来市,,,35.35307000000000,133.27310000000000,主屋の北西方にある。真壁造２階建，東西棟の切妻造，桟瓦葺で，南面に扉口を設けて，土蔵と一連の庇を架け，東と北の壁面は縦板張で覆う。内部は東を土間の醤油蔵と味噌蔵，西を板敷の物置に分ける。生活面を支えた施設であるが，規模形式は充実している。,https://bunka.nii.ac.jp/heritage/43967/_105602/43967_105602111225015420026_300.jpg
101,00004613,奥野本家住宅米蔵,おくのもとけじゅうたくこめぐら,1棟,,登録有形文化財(建造物),住宅,建築物,,大正,大正12,1923,土蔵造2階建、瓦葺、建築面積24㎡,,32 － 0032,45,2005.02.28(平成17.02.28),2005.02.09(平成17.02.09),,20050209,,造形の規範となっているもの,,島根県,島根県安来市伯太町母里27,,安来市,,,35.35303000000000,133.27300000000000,納屋と作業場の間にある。土蔵造２階建，東西棟の切妻造，桟瓦葺で，置屋根式とする。南に扉口を設け，作業場と一連の庇を架け，北面上部には鉄扉付の窓を設ける。切石で築いた換気口付の基礎，隅に面取を施した漆喰壁など，小規模だがつくりは丁寧である。,https://bunka.nii.ac.jp/heritage/43967/_105603/43967_105603111225015421783_300.jpg
101,00004614,奥野本家住宅作業場,おくのもとけじゅうたくさぎょうば,1棟,,登録有形文化財(建造物),住宅,建築物,,大正,大正12,1923,木造平屋建、瓦葺、建築面積78㎡,,32 － 0033,45,2005.02.28(平成17.02.28),2005.02.09(平成17.02.09),,20050209,,国土の歴史的景観に寄与しているもの,,島根県,島根県安来市伯太町母里27,,安来市,,,35.35300000000000,133.27290000000000,真壁造平屋建，東西棟の切妻造，桟瓦葺で，屋根と土間庇は米蔵と一連に架け，南面は開放的な扱いとする。内部は西半を板敷で簡素な座敷とし，東半は土間の作業場で，小屋裏を物置とし，南の小壁に窓を設ける。敷地北西隅の景観をかたちづくっている。,https://bunka.nii.ac.jp/heritage/43967/_105604/43967_105604111225015424364_300.jpg
101,00004615,山本家住宅主屋,やまもとけじゅうたくしゅおく,1棟,,登録有形文化財(建造物),産業3次,建築物,,明治,明治17,1884,木造2階建、瓦葺、建築面積199㎡,,32 － 0034,45,2005.02.28(平成17.02.28),2005.02.09(平成17.02.09),,20050209,,造形の規範となっているもの,,島根県,島根県安来市伯太町母里71,,,,,35.35093000000000,133.27460000000000,切妻造，平入で，街道に東面して建つ。真壁造，平屋建，屋根桟瓦葺で，外観は全体がつし２階建になり，１階正面には蔀戸や出格子を設ける。１階は南側を通り土間，北側を床上とし，庭を望む北妻の客間は開放的な構えになる。地域の指標となる明治前期の町家。,https://bunka.nii.ac.jp/heritage/43967/_105605/43967_105605111225015426124_300.jpg
101,00004616,山本家住宅前蔵,やまもとけじゅうたくまえぐら,1棟,,登録有形文化財(建造物),住宅,建築物,,明治,明治初期,1868-1911,土蔵造2階建、瓦葺、建築面積23㎡,,32 － 0035,45,2005.02.28(平成17.02.28),2005.02.09(平成17.02.09),,20050209,,造形の規範となっているもの,,島根県,島根県安来市伯太町母里71,,,,,35.35094000000000,133.27450000000000,主屋後方にあり，什器等を収蔵した。土蔵造２階建，東西棟の切妻造，桟瓦葺で，置屋根式とする。南面に扉口と下屋庇を設け，東面上部に小庇付窓を設ける。基礎は換気口付の切石積，東と北の壁面は縦板張とする。側廻りから軸組まで，小規模だがつくりは丁寧。,https://bunka.nii.ac.jp/heritage/43967/_105606/43967_105606111225015427796_300.jpg
101,00004617,山本家住宅新蔵,やまもとけじゅうたくしんぐら,1棟,,登録有形文化財(建造物),住宅,建築物,,明治,明治17,1884,土蔵造2階建、瓦葺、建築面積19㎡,,32 － 0036,45,2005.02.28(平成17.02.28),2005.02.09(平成17.02.09),,20050209,,造形の規範となっているもの,,島根県,島根県安来市伯太町母里71,,,,,35.35090000000000,133.27440000000000,主屋後方，前蔵西に並び衣類等を収蔵した。土蔵造２階建，東西棟の切妻造，桟瓦葺で，置屋根式とする。南面に観音開扉を設け，下屋庇をつける。基礎は叩き仕上の切石積とし，外壁は頂部に鉢巻を廻して西面を縦板張で覆う。側廻りから軸組まで，堅牢なつくり。,https://bunka.nii.ac.jp/heritage/43967/_105607/43967_105607111225015429733_300.jpg
101,00004618,山本家住宅米蔵,やまもとけじゅうたくこめぐら,1棟,,登録有形文化財(建造物),住宅,建築物,,明治,明治初期,1868-1911,土蔵造2階建、瓦葺、建築面積19㎡、牛小屋付,,32 － 0037,45,2005.02.28(平成17.02.28),2005.02.09(平成17.02.09),,20050209,,国土の歴史的景観に寄与しているもの,,島根県,島根県安来市伯太町母里71,,,,,35.35085000000000,133.27430000000000,東西に長い敷地後方にある。米蔵は土蔵造２階建で，西に真壁造平屋建の牛小屋が取り付く。屋根はともに東西棟の切妻造，米蔵は置屋根式で南面の戸口に庇をつけ，桟瓦葺とする。外壁は中塗り仕上げで，簡素なつくりであるが，明治期の屋敷構成を示す付属施設。,https://bunka.nii.ac.jp/heritage/43967/_105608/43967_105608111225015431327_300.jpg
101,00004619,山本家住宅裏長屋,やまもとけじゅうたくうらながや,1棟,,登録有形文化財(建造物),住宅,建築物,,江戸,江戸末期,1830-1867,木造2階建、瓦葺、建築面積47㎡,,32 － 0038,45,2005.02.28(平成17.02.28),2005.02.09(平成17.02.09),,20050209,,国土の歴史的景観に寄与しているもの,,島根県,島根県安来市伯太町母里71,,,,,35.35079000000000,133.27420000000000,東西に長い敷地西辺にある。真壁造２階建，南北棟の切妻造，桟瓦葺で，南側に土間の門口を構え，北側は板敷の１室とし，その東に下屋を設け，妻壁は縦板張とする。２階は南北２室とし，門口脇に洗い場を設ける。簡素であるが，屋敷後方の景観を整えている。,https://bunka.nii.ac.jp/heritage/43967/_105609/43967_105609111225015433819_300.jpg
101,00004620,山本家住宅釜屋,やまもとけじゅうたくかまや,1棟,,登録有形文化財(建造物),住宅,建築物,,江戸,江戸末期,1830-1867,木造平屋建、瓦葺、建築面積10㎡,,32 － 0039,45,2005.02.28(平成17.02.28),2005.02.09(平成17.02.09),,20050209,,造形の規範となっているもの,,島根県,島根県安来市伯太町母里71,,,,,35.35081000000000,133.27450000000000,主屋の後方，南寄りにある。真壁造平屋建，東西棟の切妻造，桟瓦葺で，北面中央に引分け戸を設ける。柱は栗材を用い，外壁は中塗り仕上げで，腰を押縁下見板張とする。小規模でつくりも簡素であるが，屋敷背面側の構成要素として欠かせない存在である。,https://bunka.nii.ac.jp/heritage/43967/_105610/43967_105610111225015435573_300.jpg
101,00004621,山本家住宅小蔵,やまもとけじゅうたくこぐら,1棟,,登録有形文化財(建造物),住宅,建築物,,江戸,江戸末期,1830-1867,土蔵造2階建、瓦葺、建築面積10㎡,,32 － 0040,45,2005.02.28(平成17.02.28),2005.02.09(平成17.02.09),,20050209,,国土の歴史的景観に寄与しているもの,,島根県,島根県安来市伯太町母里71,,,,,35.35079000000000,133.27450000000000,主屋後方，釜屋の西に並び，道具等を収蔵した。土蔵造２階建，東西棟の切妻造，置屋根式の桟瓦葺で，東妻面に戸口を設ける。外壁は丁寧な漆喰塗で，南面と西妻面は縦板で保護し，北は腰を押縁下見板張とする。簡素で小規模な施設ながら，つくりは丁寧である。,https://bunka.nii.ac.jp/heritage/43967/_105611/43967_105611111225015437305_300.jpg
101,00004622,奥野省吾家住宅主屋,おくのしょうごけじゅうたくしゅおく,1棟,,登録有形文化財(建造物),住宅,建築物,,明治,明治44,1911,木造2階建、瓦葺、建築面積158㎡,,32 － 0041,45,2005.02.28(平成17.02.28),2005.02.09(平成17.02.09),,20050209,,造形の規範となっているもの,,島根県,島根県安来市伯太町母里188,,,,,35.35322000000000,133.27350000000000,街道に西面して建つ。真壁造２階建，切妻造，桟瓦葺で，東・西・北の３面に下屋を廻す。１階は南側を通り土間，床上は３室２列に部屋を配し，１階には出格子をつけ，北妻は縦板張とする。たちの高い外観や開口部の多いつくりに，明治末期らしい特徴が窺える。,https://bunka.nii.ac.jp/heritage/43967/_105612/43967_105612111225015439040_300.jpg
101,00004623,奥野省吾家住宅土蔵,おくのしょうごけじゅうたくどぞう,1棟,,登録有形文化財(建造物),住宅,建築物,,明治,明治44,1911,土蔵造2階建、瓦葺、建築面積22㎡,,32 － 0042,45,2005.02.28(平成17.02.28),2005.02.09(平成17.02.09),,20050209,,造形の規範となっているもの,,島根県,島根県安来市伯太町母里188,,,,,35.35333000000000,133.27370000000000,主屋の東後方にある。土蔵造２階建，南北棟の切妻造，桟瓦葺で，南妻面に下屋庇を付け，扉口を設ける。屋根は置屋根式で，深い軒をつくる。基礎は切石積，外壁は漆喰塗で，頂部に鉢巻を廻し，妻の棟木木口を円形に象る。全体に丁寧で，堅牢なつくりになる。,https://bunka.nii.ac.jp/heritage/43967/_105613/43967_105613111225015440651_300.jpg
101,00004624,奥野省吾家住宅裏長屋,おくのしょうごけじゅうたくうらながや,1棟,,登録有形文化財(建造物),住宅,建築物,,明治,明治44,1911,木造平屋建、瓦葺、建築面積44㎡,,32 － 0043,45,2005.02.28(平成17.02.28),2005.02.09(平成17.02.09),,20050209,,国土の歴史的景観に寄与しているもの,,島根県,島根県安来市伯太町母里188,,,,,35.35338000000000,133.27390000000000,真壁造平屋建，南北棟の切妻造，桟瓦葺で，桁行方向南より戸口を設けた吹き放しの通路，板敷の１室，土間の味噌蔵，吹き放しの土間に間仕切り，壁は中塗り仕上げとする。細長い敷地の東辺に位置し，簡素なつくりであるが，屋敷後方の景観を整える要素。,https://bunka.nii.ac.jp/heritage/43967/_105614/43967_105614111225015443210_300.jpg
101,00004625,奥野省吾家住宅塀,おくのしょうごけじゅうたくへい,1基,,登録有形文化財(建造物),住宅,その他工作,,昭和前,昭和4,1929,鉄筋コンクリート造、延長45m,,32 － 0044,45,2005.02.28(平成17.02.28),2005.02.09(平成17.02.09),,20050209,,国土の歴史的景観に寄与しているもの,,島根県,島根県安来市伯太町母里188,,,,,35.35310000000000,133.27360000000000,折曲がり延長４５ｍで，主屋と土蔵の北，敷地北辺西半をコ字型に画する。高さ約２ｍの鉄筋コンクリート造で，土台と柱型をつくりだし，柱頂部を貫で結んだかたちで，柱間はドイツ壁風の仕上げとする。主屋北側の庭を囲み，屋敷構成に欠かせない要素である。,https://bunka.nii.ac.jp/heritage/43967/_105615/43967_105615111225015445032_300.jpg
101,00005355,阿須那公民館阿須那分館,あすなこうみんかんあすなぶんかん,1棟,,登録有形文化財(建造物),文化福祉,建築物,,昭和中,昭和27,1952,木造2階建、瓦葺、建築面積426㎡,,32 － 0045,49,2006.03.23(平成18.03.23),2006.03.02(平成18.03.02),,20060302,,国土の歴史的景観に寄与しているもの,,島根県,島根県邑智郡邑南町阿須那6-6,,邑南町,,,34.86903000000000,132.61790000000000,社会教育法（昭和２４年公布）に基づく初期の公民館建築。正面１５ｍ規模，切妻造，桟瓦葺，妻入の木造２階建で，中央に講堂を配し，正面妻壁に阿須那村の村章を掲げる。いち早く公民館建設に取り組んだ村民の意気込みが感じられ，今なお広く親しまれている。,https://bunka.nii.ac.jp/heritage/43967/_106343/43967_106343111225021224404_300.jpg
101,00006090,島根大学旧奥谷宿舎（旧制松江高等学校外国人宿舎）,しまねだいがくきゅうおくだにしゅくしゃ（きゅうせいまつえこうとうがっこうがいこくじんしゅくしゃ）,1棟,,登録有形文化財(建造物),学校,建築物,,大正,大正13,1924,木造2階建、瓦葺、建築面積94㎡,,32 － 0046,54,,2007.05.15(平成19.05.15),,20070515,,造形の規範となっているもの,,島根県,島根県松江市奥谷町140,,国立大学法人島根大学,,,35.48104000000000,133.05370000000000,松江城よりほぼ７００ｍ北方に位置する。正面９ｍ，奥行１４ｍ規模，南側を半切妻とした木造２階建で，正面２階の張り出し部分を玄関ポーチの柱で支える。１階下見板張，２階モルタル塗仕上げとし，２連及び３連の連続窓を四周に配する瀟洒な住宅建築。,https://bunka.nii.ac.jp/heritage/43967/_107075/43967_107075111225023121184_300.jpg
101,00006092,島根大学正門（旧制松江高等学校正門）,しまねだいがくせいもん（きゅうせいまつえこうとうがっこうせいもん）,1基,,登録有形文化財(建造物),学校,その他工作,,大正,大正13／昭和45移築,1924／1970移築,石造門柱4基、間口16m,,32 － 0047,54,,2007.05.15(平成19.05.15),,20070515,,造形の規範となっているもの,,島根県,島根県松江市西川津町1060,,国立大学法人島根大学,,,35.48466000000000,133.06810000000000,市街地東北部に位置する島根大学の正門で，南面して構える。方１．２ｍ，高さ２．１ｍ規模の門柱を間口１６ｍで配し，両脇には高さ１．７ｍの袖柱を添え，いずれも花崗岩で築く。頂部を十字形平面で象り，全体にセセッション風のデザインをあしらうのが特徴的。,https://bunka.nii.ac.jp/heritage/43967/_107077/43967_107077111225023125584_300.jpg
101,00006398,稲積家住宅背戸の蔵,ほづみけじゅうたくせどのくら,1棟,,登録有形文化財(建造物),住宅,建築物,,江戸,江戸末期,1830-1867,土蔵造2階建、瓦葺、建築面積56㎡,,32 － 0058,57,2007.12.19(平成19.12.19),2007.12.05(平成19.12.05),,20071205,,国土の歴史的景観に寄与しているもの,,島根県,島根県邑智郡邑南町井原1189,,,,,34.91027000000000,132.47440000000000,主屋北背面に東西棟で建つ。桁行５間梁間３間、切妻造石州瓦葺の２階建土蔵で、南面と西面に戸口を設ける。石積基礎上に建ち、内部１階は柱を１尺５寸間隔、２階は半間間隔に建て、小屋は地棟に登梁を架ける。屋根は置屋根で、軒まで塗り込める特殊な仕様。,https://bunka.nii.ac.jp/heritage/43967/_107381/43967_107381111225023933779_300.jpg
101,00006399,稲積家住宅下の蔵,ほづみけじゅうたくしたのくら,1棟,,登録有形文化財(建造物),住宅,建築物,,江戸,江戸末期,1830-1867,土蔵造2階建、瓦葺、建築面積60㎡,,32 － 0059,57,2007.12.19(平成19.12.19),2007.12.05(平成19.12.05),,20071205,,国土の歴史的景観に寄与しているもの,,島根県,島根県邑智郡邑南町井原1189,,,,,34.91042000000000,132.47480000000000,主屋の東方に南北棟で建つ。桁行５間半梁間３間、切妻造石州瓦葺の２階建土蔵で、西面に２ヶ所に戸口を設ける。内部は１階を２室とし、柱は１階２階とも３尺間隔に内転びに立て、小屋は地棟に登梁を架ける。地棟を受ける枕梁に湾曲材を用いる。,https://bunka.nii.ac.jp/heritage/43967/_107382/43967_107382111225023935388_300.jpg
101,00006400,稲積家住宅門,ほづみけじゅうたくもん,1棟,,登録有形文化財(建造物),住宅,その他工作,,昭和前,昭和5,1930,木造、瓦葺、間口2.1m,,32 － 0060,57,2007.12.19(平成19.12.19),2007.12.05(平成19.12.05),,20071205,,国土の歴史的景観に寄与しているもの,,島根県,島根県邑智郡邑南町井原1189,,,,,34.91017000000000,132.47460000000000,主屋の土間出入口の南方に位置する。前後に低い控柱を建てる腕木門で、間口は約７尺、棟高９尺、腕木の出２尺の規模で、桟瓦葺の切妻造屋根を架ける。 地元大工の小笠原初市が建設したと伝え、妻飾に懸魚を付けるなど街道からの景観に配慮した造りとする。,https://bunka.nii.ac.jp/heritage/43967/_107383/43967_107383111225023937085_300.jpg
101,00006401,浅野小児科医院,あさのしょうにかいいん,1棟,,登録有形文化財(建造物),文化福祉,建築物,,大正,大正元／平成元改修,1912／1989改修,木造2階建、瓦葺、建築面積143㎡,,32 － 0056,56,2007.10.22(平成19.10.22),2007.10.02(平成19.10.02),,20071002,,造形の規範となっているもの,,島根県,島根県松江市末次町74,,,,,35.46961000000000,133.04670000000000,道路に東面する木造２階建。間口５間の切妻造桟瓦葺である。正面北端の玄関ポーチはドリス式双子柱で飾り、上部はバルコニーとする。外壁は縦溝付ピラスターの大オーダーで３分割する。窓は２つ１組で、２階窓上にコンソールを添える。整った意匠をもつ佳品。,https://bunka.nii.ac.jp/heritage/43967/_107384/43967_107384111225023939338_300.jpg
101,00006426,稲積家住宅主屋,ほづみけじゅうたくしゅおく,1棟,,登録有形文化財(建造物),住宅,建築物,,江戸,江戸末期／明治43改修,1830-1867／1910改修,木造平屋建、瓦葺、建築面積256㎡,,32 － 0057,57,2007.12.19(平成19.12.19),2007.12.05(平成19.12.05),,20071205,,造形の規範となっているもの,,島根県,島根県邑智郡邑南町井原1189,,,,,34.91020000000000,132.47450000000000,井原川の左岸に位置し、南面して東西棟で建つ。桁行１０間梁間５間、切妻造石州瓦葺で、四周に下屋を廻す。東方を土間、西方の床上部を整形六間取とし、西南に座敷を置き、東北には台所を角屋状に突き出す。小屋組は明治の改修で梁を４段に重ね豪壮に造る。,https://bunka.nii.ac.jp/heritage/43967/_107409/43967_107409111225024015603_300.jpg
101,00006753,美保関おかげの井戸,みほのせきおかげのいど,1所,,登録有形文化財(建造物),生活関連,その他工作,,江戸,文久元,1861,石造、面積2.7㎡,,32 － 0054,56,2007.10.22(平成19.10.22),2007.10.02(平成19.10.02),,20071002,,国土の歴史的景観に寄与しているもの,,島根県,島根県松江市美保関町美保関598,,松江市,,,35.56232000000000,133.30580000000000,美保神社の門前に位置する。乱積で築いた深さ約３．８ｍの円筒形井戸の天端に地覆石を敷き、その上に高さ０．５７ｍ、幅０．７３ｍの石板を八角形状に立ち並べる。住民のほか来港者や参詣者の用にも供され、人々の交流の歴史を伝える。,https://bunka.nii.ac.jp/heritage/43967/_107736/43967_107736111225024829822_300.jpg
101,00006754,津森内科医院,つもりないかいいん,1棟,,登録有形文化財(建造物),文化福祉,建築物,,昭和前,昭和初期,1926-1988,木造平屋一部2階建及び鉄筋コンクリート造平屋建、銅板葺、建築面積117㎡,,32 － 0055,56,2007.10.22(平成19.10.22),2007.10.02(平成19.10.02),,20071002,,造形の規範となっているもの,,島根県,島根県松江市本庄町569-1,,医療法人仁心会,,,35.50972000000000,133.12890000000000,道路西側敷地の南端に建つ木造２階建で、北側の玄関上部をバルコニーとする。背後に平屋建が続く。２階は急勾配の銅板葺半切妻屋根をＬ字に架け、東と北に妻を見せる。外壁はモルタル塗。縦長窓や２階のベイウインドウ、玄関庇などに端正な洋風意匠を見せる。,https://bunka.nii.ac.jp/heritage/43967/_107737/43967_107737111225024831619_300.jpg
101,00007113,千本貯水池堰堤,せんぼんちょすいちえんてい,1基,,登録有形文化財(建造物),生活関連,土木構造物,,大正,大正7,1918,重力式コンクリート造堰堤、堤長109m、堤高16m、副堰堤付,,32 － 0061,59,2008.05.07(平成20.05.07),2008.04.18(平成20.04.18),,20080418,,国土の歴史的景観に寄与しているもの,,島根県,島根県松江市西忌部町字細田,,松江市,,,35.41963000000000,133.04510000000000,宍道湖に注ぐ忌部川の上流に位置する水源地堰堤。堤長１０９ｍ、堤高１６ｍの重力式コンクリート造堰堤で、越流式とし、下流側に副堰堤を付ける。堤体内部に粗石コンクリートを用い、表面は間知石の谷積とする。山陰地方初のコンクリートを用いた水源地堰堤。,https://bunka.nii.ac.jp/heritage/43967/_108095/43967_108095111225025926650_300.jpg
101,00007114,千本貯水池堰堤管理橋,せんぼんちょすいちえんていかんりきょう,1基,,登録有形文化財(建造物),生活関連,土木構造物,,大正,大正7,1918,コンクリート造4連アーチ橋、橋長18m、幅員2.0m,,32 － 0062,59,2008.05.07(平成20.05.07),2008.04.18(平成20.04.18),,20080418,,国土の歴史的景観に寄与しているもの,,島根県,島根県松江市西忌部町字細田,,松江市,,,35.41982000000000,133.04550000000000,貯水池堰堤の副堰堤の直下に位置する。橋長１８ｍ、幅員２．０ｍ規模の充腹式コンクリート造４連アーチ橋で、欠円アーチ形のアーチ部分は石積風に仕上げる。中央の橋脚は、周囲に石積を施し、転石から保護する。堰堤とともに水源地の歴史的景観を形成する。,https://bunka.nii.ac.jp/heritage/43967/_108096/43967_108096111225025928566_300.jpg
101,00007115,忌部浄水場旧弁室及び着水井,いんべじょうすいじょうきゅうべんしつおよびちゃくすいせい,1所,,登録有形文化財(建造物),生活関連,その他工作,,昭和前,昭和4,1929,コンクリート造、面積34㎡,,32 － 0063,59,2008.05.07(平成20.05.07),2008.04.18(平成20.04.18),,20080418,,国土の歴史的景観に寄与しているもの,,島根県,島根県松江市東忌部町字木ノ下35,,松江市,,,35.42352000000000,133.05150000000000,貯水池堰堤より約５００ｍ北東の浄水場の西端に位置する。貯水池より送られる原水を、浄水場内で最初に受けるコンクリート造構造物。西側に弁室と東側に量水用ノッチ付の着水井を配し、天端には花崗岩の笠石を置く。松江市水道第一拡張工事に関連する遺構。,https://bunka.nii.ac.jp/heritage/43967/_108097/43967_108097111225025930252_300.jpg
101,00007116,忌部浄水場導水溝及び放水井,いんべじょうすいじょうどうすいこうおよびほうすいせい,1所,,登録有形文化財(建造物),生活関連,その他工作,,大正,大正7・昭和4,1918,導水溝　コンクリート造、延長60m　放水井　コンクリート造、面積17㎡,,32 － 0064,59,2008.05.07(平成20.05.07),2008.04.18(平成20.04.18),,20080418,,国土の歴史的景観に寄与しているもの,,島根県,島根県松江市東忌部町字木ノ下35,,松江市,,,35.42354000000000,133.05160000000000,着水井から連続して築かれる。水道創設時の施設である半径１．８ｍの円形放水井に、東西に長い延長６０ｍ、幅１．２ｍの導水溝を接続したもので、導水溝には桁橋３基を架ける。いずれもコンクリート造。着水井から濾過池へ原水を円滑に分配するための施設。,https://bunka.nii.ac.jp/heritage/43967/_108098/43967_108098111225025932682_300.jpg
101,00007117,忌部浄水場一号濾過池,いんべじょうすいじょういちごうろかち,1所,,登録有形文化財(建造物),生活関連,土木構造物,,昭和前,昭和4,1929,コンクリート造、面積683㎡、調整井上屋付,,32 － 0065,59,2008.05.07(平成20.05.07),2008.04.18(平成20.04.18),,20080418,,国土の歴史的景観に寄与しているもの,,島根県,島根県松江市東忌部町字木ノ下35,,松江市,,,35.42358000000000,133.05150000000000,浄水場中央で、東西に並置された濾過池のうち、西端に位置する。東西２２ｍ、南北３１ｍ規模の長方形平面としたコンクリート造構造物で、壁面法勾配１分とし、北面中央には上屋付調整井を配す。第一次拡張工事の際に、既存濾過池とほぼ同規模で建設された。,https://bunka.nii.ac.jp/heritage/43967/_108099/43967_108099111225025934480_300.jpg
101,00007118,忌部浄水場二号濾過池,いんべじょうすいじょうにごうろかち,1所,,登録有形文化財(建造物),生活関連,土木構造物,,昭和前,昭和4,1929,コンクリート造、面積683㎡、調整井上屋付,,32 － 0066,59,2008.05.07(平成20.05.07),2008.04.18(平成20.04.18),,20080418,,国土の歴史的景観に寄与しているもの,,島根県,島根県松江市東忌部町字木ノ下35,,松江市,,,35.42360000000000,133.05160000000000,一号濾過池の東側に隣接する。一号濾過池と同規模、同形式の緩速濾過池。濾過池の天端には花崗岩の笠石を敷く。調整井は半径１．８ｍで、上屋は鉄筋コンクリート造、正面に簡略化した柱頭飾と台座を付けた角柱と隅柱を配し、頂部にも密に柱型を表す独特の外観。,https://bunka.nii.ac.jp/heritage/43967/_108100/43967_108100111225025936143_300.jpg
101,00007119,忌部浄水場三号濾過池,いんべじょうすいじょうさんごうろかち,1所,,登録有形文化財(建造物),生活関連,土木構造物,,大正,大正7,1918,コンクリート造、面積692㎡、調整井上屋付,,32 － 0067,59,2008.05.07(平成20.05.07),2008.04.18(平成20.04.18),,20080418,,国土の歴史的景観に寄与しているもの,,島根県,島根県松江市東忌部町字木ノ下35,,松江市,,,35.42363000000000,133.05160000000000,二号濾過池の東側、放水井の北側に位置する。東西２２ｍ、南北３１ｍ規模の長方形平面としたコンクリート造構造物で、天端には花崗岩の笠石を置く。北側中央には円形平面の上屋付調整井を配する。松江市の創設水道施設のひとつ。,https://bunka.nii.ac.jp/heritage/43967/_108101/43967_108101111225025938101_300.jpg
101,00007120,忌部浄水場四号濾過池,いんべじょうすいじょうよんごうろかち,1所,,登録有形文化財(建造物),生活関連,土木構造物,,大正,大正7,1918,コンクリート造、面積695㎡、調整井上屋付,,32 － 0068,59,2008.05.07(平成20.05.07),2008.04.18(平成20.04.18),,20080418,,国土の歴史的景観に寄与しているもの,,島根県,島根県松江市東忌部町字木ノ下35,,松江市,,,35.42366000000000,133.05160000000000,三号濾過池の東側に隣接する。三号濾過池と同規模、同形式の緩速濾過池。底部に敷き詰められた細砂、礫、煉瓦を通過し濾過された原水が、底部中央に位置する南北方向に掘り込まれた１／１００勾配の縦溝を伝って調整井に至る。松江市創設水道施設のひとつ。,https://bunka.nii.ac.jp/heritage/43967/_108102/43967_108102111225025939753_300.jpg
101,00007121,忌部浄水場五号濾過池,いんべじょうすいじょうごごうろかち,1所,,登録有形文化財(建造物),生活関連,土木構造物,,大正,大正8,1919,コンクリート造、面積695㎡、調整井上屋付,,32 － 0069,59,2008.05.07(平成20.05.07),2008.04.18(平成20.04.18),,20080418,,国土の歴史的景観に寄与しているもの,,島根県,島根県松江市東忌部町字木ノ下35,,松江市,,,35.42368000000000,133.05170000000000,四号濾過池の東側に隣接する。三号・四号濾過池と同規模、同形式の緩速濾過池。濾過池は表面モルタル塗仕上げとし、深さは２．７ｍ、壁面は法勾配１分７厘で築き、底部は中央の溝に向かい１／１５０勾配で傾斜する。松江市創設水道施設のひとつ。,https://bunka.nii.ac.jp/heritage/43967/_108103/43967_108103111225025942478_300.jpg
101,00007122,忌部浄水場六号濾過池,いんべじょうすいじょうろくごうろかち,1所,,登録有形文化財(建造物),生活関連,土木構造物,,大正,大正8,1919,コンクリート造、面積692㎡、調整井上屋付,,32 － 0070,59,2008.05.07(平成20.05.07),2008.04.18(平成20.04.18),,20080418,,国土の歴史的景観に寄与しているもの,,島根県,島根県松江市東忌部町字木ノ下35,,松江市,,,35.42371000000000,133.05170000000000,五号濾過池の東側に隣接する。三号・四号・五号濾過池と同規模、同形式の緩速濾過池。北側中央に設けられた調整井は半径１．２ｍの円形平面。上屋は、表面モルタル塗仕上げとし、基部に半円筒形、軒蛇腹には扁平六角形を連続的にあしらう幾何学的意匠をもつ。,https://bunka.nii.ac.jp/heritage/43967/_108104/43967_108104111225025944074_300.jpg
101,00007123,忌部浄水場集合井,いんべじょうすいじょうしゅうごうせい,1所,,登録有形文化財(建造物),生活関連,その他工作,,昭和前,昭和4,1929,コンクリート造、面積14㎡、上屋付,,32 － 0071,59,2008.05.07(平成20.05.07),2008.04.18(平成20.04.18),,20080418,,国土の歴史的景観に寄与しているもの,,島根県,島根県松江市東忌部町字木ノ下35,,松江市,,,35.42372000000000,133.05160000000000,四号濾過池の北側に位置する。直径１．８ｍ、深さ４．１ｍの円形構造物で、上屋を付ける。上屋は表面モルタル塗仕上げで、正面に円柱を配して欠円アーチ形の庇を支える。濾過池増設に伴い水量の増加した濾過水を、円滑に配水池へ送水するために設置された。,https://bunka.nii.ac.jp/heritage/43967/_108105/43967_108105111225025945687_300.jpg
101,00007124,旧床几山配水池,きゅうしょうぎさんはいすいち,1所,,登録有形文化財(建造物),生活関連,土木構造物,,大正,大正6,1917,コンクリート造、面積1191㎡,,32 － 0072,59,2008.05.07(平成20.05.07),2008.04.18(平成20.04.18),,20080418,,国土の歴史的景観に寄与しているもの,,島根県,島根県松江市上乃木1-1265,,松江市,,,35.45470000000000,133.05770000000000,忌部浄水場より約３．５ｋｍ北方に位置する床几山の山頂に築かれる。東西３７ｍ、南北３２ｍ規模のコンクリート造構造物で、中央の監視路を隔てて東・西２室に分け、天井は連続ヴォールトとする。監視路の入口には石貼の壁を建ち上げる。創設水道施設のひとつ。,https://bunka.nii.ac.jp/heritage/43967/_108106/43967_108106111225025947693_300.jpg
101,00007125,旧床几山配水池計量室,きゅうしょうぎさんはいすいちけいりょうしつ,1棟,,登録有形文化財(建造物),生活関連,建築物,,大正,大正6,1917,鉄筋コンクリート造平屋建、建築面積6.1㎡,,32 － 0073,59,2008.05.07(平成20.05.07),2008.04.18(平成20.04.18),,20080418,,造形の規範となっているもの,,島根県,島根県松江市上乃木1-1265,,松江市,,,35.45482000000000,133.05770000000000,配水池構内の東側に位置する。市街地へ配水する水道水の計量施設。２．５ｍ四方の鉄筋コンクリート造構造物で、表面モルタル吹付とする。ヴォールト屋根で、正面中央に鉄扉をたて、両脇にエンタシスを強調したイオニア式風の円柱を飾る独特な造形になる。,https://bunka.nii.ac.jp/heritage/43967/_108107/43967_108107111225025949482_300.jpg
101,00007126,旧床几山配水池門,きゅうしょうぎさんはいすいちもん,1基,,登録有形文化財(建造物),生活関連,その他工作,,大正,大正6,1917,石造門柱、間口2.9m、脇門付,,32 － 0074,59,2008.05.07(平成20.05.07),2008.04.18(平成20.04.18),,20080418,,国土の歴史的景観に寄与しているもの,,島根県,島根県松江市上乃木1-1265,,松江市,,,35.45461000000000,133.05780000000000,配水池構内の東端部に位置する旧床几山配水池の表門。間口２．９ｍ、高さ２．６ｍの、切石で築かれた角柱で、四面に江戸切仕上げ等を施す。簡素なつくりだが、基礎石、帯石、笠石に白花崗岩を用いて外観を引き締めるなど、意匠上の工夫がうかがえる。,https://bunka.nii.ac.jp/heritage/43967/_108108/43967_108108111225025953310_300.jpg
101,00007310,下森酒造場店舗兼主屋,したもりしゅぞうじょうてんぽけんしゅおく,1棟,,登録有形文化財(建造物),産業2次,建築物,,明治,明治前期,1868-1911,木造2階建、瓦葺、建築面積164㎡,,32 － 0075,60,2008.07.23(平成20.07.23),2008.07.08(平成20.07.08),,20080708,,造形の規範となっているもの,,島根県,島根県鹿足郡津和野町左鐙字立山ノ麓992,,,,,34.49299000000000,131.87430000000000,横道川沿いの通り北側に占める敷地の中央に、南面して建つ。桁行１５ｍ梁間９．８ｍ、入母屋造で下屋庇をまわし、正面中央に入母屋屋根を突き出す。内部は西側の土間を店舗とし、東に六間取の床上部を設ける。座敷のトコや違棚などに良質な意匠が見られる。,https://bunka.nii.ac.jp/heritage/43967/_108292/43967_108292111225030552957_300.jpg
101,00007311,下森酒造場土蔵,したもりしゅぞうじょうどぞう,1棟,,登録有形文化財(建造物),産業2次,建築物,,江戸,江戸末期,1830-1867,土蔵造平屋建、瓦葺、建築面積27㎡,,32 － 0076,60,2008.07.23(平成20.07.23),2008.07.08(平成20.07.08),,20080708,,国土の歴史的景観に寄与しているもの,,島根県,島根県鹿足郡津和野町左鐙字立山ノ麓992,,下森博之,,,34.49308000000000,131.87460000000000,店舗兼主屋の東北に位置する。東西棟の切妻造桟瓦葺で、西面に桟瓦葺庇を設け、戸口を開ける。桁行６．１ｍ梁間４．４ｍ規模の土蔵造平屋建。石積基礎とし、壁は白漆喰仕上げ、鉢巻を一段まわす。石州赤瓦と白漆喰壁が強いコントラストを見せる。,https://bunka.nii.ac.jp/heritage/43967/_108293/43967_108293111225030554684_300.jpg
101,00007312,下森酒造場旧酒蔵,したもりしゅぞうじょうきゅうさかぐら,1棟,,登録有形文化財(建造物),産業2次,建築物,,明治,明治前期,1868-1911,木造2階建、瓦葺、建築面積444㎡,,32 － 0077,60,2008.07.23(平成20.07.23),2008.07.08(平成20.07.08),,20080708,,国土の歴史的景観に寄与しているもの,,島根県,島根県鹿足郡津和野町左鐙字立山ノ麓992,,,,,34.49298000000000,131.87410000000000,店舗兼主屋の西に、作業場を介して建つ。切妻造の酒蔵庫を中心に、南北に屋根を葺き降ろし、南面西端に切妻屋根を突き出し、麹室を設け、西面には南北の切妻屋根を付設する。当初は荒壁。中央の酒蔵庫が古く、度重なる増築により複雑な屋根形態が形成された。,https://bunka.nii.ac.jp/heritage/43967/_108294/43967_108294111225030556453_300.jpg
101,00007313,下森酒造場煙突,したもりしゅぞうじょうえんとつ,1棟,,登録有形文化財(建造物),産業2次,その他工作,,昭和中,昭和32,1957,鉄筋コンクリート造、高さ19m,,32 － 0078,60,2008.07.23(平成20.07.23),2008.07.08(平成20.07.08),,20080708,,国土の歴史的景観に寄与しているもの,,島根県,島根県鹿足郡津和野町左鐙字立山ノ麓992,,,,,34.49296000000000,131.87420000000000,店舗兼主屋の西、旧酒蔵の作業場の南に位置する。鉄筋コンクリート造。基礎部直径１．２ｍで、高さ１９ｍに及ぶ。作業場内に設けられた、酒米を蒸す煉瓦造の竈の排煙のために建設された。石州赤瓦が葺かれる建物群の中に高く聳え、ランドマークとなっている。,https://bunka.nii.ac.jp/heritage/43967/_108295/43967_108295111225030558197_300.jpg
101,00007314,下森酒造場旧米蔵,したもりしゅぞうじょうきゅうこめぐら,1棟,,登録有形文化財(建造物),産業2次,建築物,,明治,明治期,1868-1911,土蔵造平屋建、瓦葺、建築面積47㎡,,32 － 0079,60,2008.07.23(平成20.07.23),2008.07.08(平成20.07.08),,20080708,,国土の歴史的景観に寄与しているもの,,島根県,島根県鹿足郡津和野町左鐙字立山ノ麓992,,,,,34.49290000000000,131.87420000000000,店舗兼主屋の西南に東西棟で建つ。桁行９．２ｍ梁間５．１ｍ規模で、切妻造桟瓦葺。東正面に庇、北面中央に瓦の水切りを設け、それぞれを出入口とする。腰モルタル塗、上部漆喰仕上げで、正面と南面に窓を穿つ。東正面上部にある諫鼓鶏の鏝細工が印象的である。,https://bunka.nii.ac.jp/heritage/43967/_108296/43967_108296111225030559965_300.jpg
101,00007315,下森酒造場旧精米所,したもりしゅぞうじょうきゅうせいまいしょ,1棟,,登録有形文化財(建造物),産業2次,建築物,,昭和前,昭和前期,1926-1988,木造平屋建、瓦葺、建築面積53㎡,,32 － 0080,60,2008.07.23(平成20.07.23),2008.07.08(平成20.07.08),,20080708,,国土の歴史的景観に寄与しているもの,,島根県,島根県鹿足郡津和野町左鐙字立山ノ麓992,,,,,34.49289000000000,131.87410000000000,旧米蔵の西に接して建つ。旧米蔵より一段低い切妻造桟瓦葺。桁行７．９ｍ梁間５．１ｍ規模の木造平屋建で、内部は東寄りに中２階を設ける。白漆喰仕上げの真壁造で、腰に竪板を張る。旧米蔵と一連で通りに面し、落ち着きのある街路景観を形成する。,https://bunka.nii.ac.jp/heritage/43967/_108297/43967_108297111225030602639_300.jpg
101,00007316,下森酒造場門,したもりしゅぞうじょうもん,1棟,,登録有形文化財(建造物),産業2次,その他工作,,明治,明治前期,1868-1911,木造、瓦葺、間口5.2m,,32 － 0081,60,2008.07.23(平成20.07.23),2008.07.08(平成20.07.08),,20080708,,国土の歴史的景観に寄与しているもの,,島根県,島根県鹿足郡津和野町左鐙字立山ノ麓992,,,,,34.49289000000000,131.87430000000000,店舗兼主屋の正面、通りに南面して建つ。棟門で、中央に両開板戸を吊り、東に潜戸を設け、背面に控柱を建てる。切妻造桟瓦葺で、棟を青海波とする。柱上に冠木を通し、一材から作り出した男梁・女梁を架し、軒は一軒疎垂木。重厚で風格を備えた門構えである。,https://bunka.nii.ac.jp/heritage/43967/_108298/43967_108298111225030604455_300.jpg
101,00007317,藤井家住宅主屋,ふじいけじゅうたくしゅおく,1棟,,登録有形文化財(建造物),住宅,建築物,,江戸,文政8／明治前期・大正期改修,1825／1868-1911・1912-1925改修,木造平屋建、瓦葺、建築面積339㎡,,32 － 0082,60,2008.07.23(平成20.07.23),2008.07.08(平成20.07.08),,20080708,,国土の歴史的景観に寄与しているもの,,島根県,島根県鹿足郡津和野町日原466,,,,,34.54999000000000,131.83490000000000,敷地前方に東面して建つ。桁行５間梁間６間の切妻造桟瓦葺に、瓦庇をまわし、奥座敷や座敷など４室を田の字型に配する棟を南側に付設、その西に風呂や温室を設ける。赤瓦屋根に白漆喰壁、虫籠窓、格子、鏝細工など、優れたデザイン感覚が窺える。,https://bunka.nii.ac.jp/heritage/43967/_108299/43967_108299111225030606223_300.jpg
101,00007318,藤井家住宅旧蝋板場,ふじいけじゅうたくきゅうろういたば,1棟,,登録有形文化財(建造物),住宅,建築物,,明治,明治後期,1868-1911,木造2階建、瓦葺、建築面積74㎡,,32 － 0083,60,2008.07.23(平成20.07.23),2008.07.08(平成20.07.08),,20080708,,国土の歴史的景観に寄与しているもの,,島根県,島根県鹿足郡津和野町日原466,,,,,34.55013000000000,131.83480000000000,主屋の西面北寄りに台所土間を介して接続する。東西棟の切妻造桟瓦葺で、南面に庇を付ける。桁行２０ｍ梁間３．６ｍと細長い木造２階建。１階が精蝋の作業所、２階が職人の宿舎として使われた。真壁造で、１階は板壁、２階は漆喰壁。精蝋の歴史を伝える建物。,https://bunka.nii.ac.jp/heritage/43967/_108300/43967_108300111225030607988_300.jpg
101,00007319,津和野町郷土館,つわのちょうきょうどかん,1棟,,登録有形文化財(建造物),文化福祉,建築物,,昭和前,昭和17,1942,木造2階建、瓦葺、建築面積292㎡,,32 － 0084,60,2008.07.23(平成20.07.23),2008.07.08(平成20.07.08),,20080708,,国土の歴史的景観に寄与しているもの,,島根県,島根県鹿足郡津和野町森村ロ127,,津和野町,,,34.46558207000000,131.77327163000000,入母屋造妻入赤瓦葺の木造２階建で、両側面前寄りに大きく切妻造平屋建を付設、正面に切妻造の車寄を付ける。玄関ホールに階段を設け、両脇に事務室等を配し、背面側の各階を展示室とする。当初は白漆喰仕上げ。壁面に柱形等を造り出し、大きく窓を開ける。,https://bunka.nii.ac.jp/heritage/43967/_108301/43967_108301061639693665654_300.jpg
101,00007535,旧江津郵便局,きゅうごうつゆうびんきょく,1棟,,登録有形文化財(建造物),官公庁舎,建築物,,明治,明治中期／平成20年改修,1868-1911／2008改修,木造2階建、瓦葺、建築面積38㎡,,32 － 0085,62,2009.01.22(平成21.01.22),2009.01.08(平成21.01.08),,20090108,,国土の歴史的景観に寄与しているもの,,島根県,島根県江津市江津町337,,江津市,,,35.00859996000000,132.22840195000000,通りに南面して建つ、建築面積３８㎡の木造２階建。寄棟造妻入桟瓦葺。正面１階をポーチとし、２階にバルコニーを設ける。外壁は白漆喰仕上げで、隅には鼠漆喰でコーナーストーンを模し、柱や窓枠を青色に塗装する。川港町の伝統的な家並みに彩りを添える。,https://bunka.nii.ac.jp/heritage/43967/_108517/43967_108517085744087144251_300.jpg
101,00007536,藤田家住宅主屋,ふじたけじゅうたくしゅおく,1棟,,登録有形文化財(建造物),住宅,建築物,,江戸,嘉永6,1853,木造平屋建、瓦葺、建築面積270㎡,,32 － 0086,62,2009.01.22(平成21.01.22),2009.01.08(平成21.01.08),,20090108,,造形の規範となっているもの,,島根県,島根県江津市江津町328,,,,,35.00842000000000,132.22800000000000,本町通りに西面する。木造つし２階建。切妻造石州赤瓦葺で大棟には直角に煙出を載せ、周囲に下屋庇をまわし、背面に寄棟造の角屋を付ける。壁は白漆喰の大壁造。北に土間を、南には六間取系平面の床上部を配する。豪壮な梁組や洗練された座敷など見応えがある。,https://bunka.nii.ac.jp/heritage/43967/_108518/43967_108518111225031328951_300.jpg
101,00007537,藤田家住宅内蔵,ふじたけじゅうたくうちぐら,1棟,,登録有形文化財(建造物),住宅,建築物,,明治,明治前期,1868-1911,土蔵造2階建、瓦葺、建築面積47㎡,,32 － 0087,62,2009.01.22(平成21.01.22),2009.01.08(平成21.01.08),,20090108,,再現することが容易でないもの,,島根県,島根県江津市江津町328,,,,,35.00834000000000,132.22820000000000,主屋の東に位置し、座敷と渡廊下で繋がる。２階建土蔵。南北棟で、敷地形状にあわせて南と北で食い違い、内部も２室に分かれる。屋根は切妻造石州赤瓦葺で、外壁は白漆喰仕上げ。小屋は登梁で、その上に横材を渡して、竹野地を流れ方向に張る珍しい技法になる。,https://bunka.nii.ac.jp/heritage/43967/_108519/43967_108519111225031329842_300.jpg
101,00007538,藤田家住宅新蔵及び料理場,ふじたけじゅうたくしんぐらおよびりょうりば,1棟,,登録有形文化財(建造物),住宅,建築物,,明治,明治前期・大正前期,1868-1911,土蔵造及び木造2階建、瓦葺、建築面積99㎡,,32 － 0088,62,2009.01.22(平成21.01.22),2009.01.08(平成21.01.08),,20090108,,国土の歴史的景観に寄与しているもの,,島根県,島根県江津市江津町328,,,,,35.00846000000000,132.22820000000000,敷地の東北角に位置する。南北棟の新蔵に料理場が直角に付く。切妻造で石州赤瓦葺。新蔵は土蔵造２階建で腰板張の漆喰仕上げ、料理場も同様であるが、南面は真壁造。料理場は１階が調理場、２階を六畳２室とする。内蔵など蔵が連なり重厚な屋敷構えをつくる。,https://bunka.nii.ac.jp/heritage/43967/_108520/43967_108520111225031330739_300.jpg
101,00007539,藤田家住宅東蔵,ふじたけじゅうたくひがしぐら,1棟,,登録有形文化財(建造物),住宅,建築物,,明治,明治前期,1868-1911,土蔵造平屋建、瓦葺、建築面積43㎡,,32 － 0089,62,2009.01.22(平成21.01.22),2009.01.08(平成21.01.08),,20090108,,国土の歴史的景観に寄与しているもの,,島根県,島根県江津市江津町154,,,,,35.00857000000000,132.22780000000000,主屋と本町通りを挟んだ西側の敷地に３棟の土蔵を残す。その敷地の東北隅で本町通りに東面して建つ桁行６．２ｍ梁間５．０ｍ規模の土蔵。切妻造妻入とし、南面に後補の下屋を付ける。外壁は白漆喰仕上げで、屋根に石州赤瓦を葺く。,https://bunka.nii.ac.jp/heritage/43967/_108521/43967_108521111225031332571_300.jpg
101,00007540,藤田家住宅北蔵,ふじたけじゅうたくきたぐら,1棟,,登録有形文化財(建造物),住宅,建築物,,明治,明治前期,1868-1911,土蔵造2階建、瓦葺、建築面積69㎡,,32 － 0090,62,2009.01.22(平成21.01.22),2009.01.08(平成21.01.08),,20090108,,再現することが容易でないもの,,島根県,島根県江津市江津町154,,,,,35.00858000000000,132.22770000000000,東蔵の西に位置する。桁行１１ｍ梁間６．４ｍ規模の土蔵造２階建。南北棟の切妻造で石州赤瓦で葺く。１階を２室に間仕切り、２階を広い１室とし、ともに板敷。壁は１階が板壁、２階が土壁。牛梁上に３段に梁を架け、化粧屋根裏を支える架構は見応えがある。,https://bunka.nii.ac.jp/heritage/43967/_108522/43967_108522111225031333451_300.jpg
101,00007541,藤田家住宅南蔵,ふじたけじゅうたくみなみぐら,1棟,,登録有形文化財(建造物),住宅,建築物,,明治,明治前期,1868-1911,土蔵造2階建、瓦葺、建築面積82㎡,,32 － 0091,62,2009.01.22(平成21.01.22),2009.01.08(平成21.01.08),,20090108,,国土の歴史的景観に寄与しているもの,,島根県,島根県江津市江津町154,,,,,35.00846000000000,132.22770000000000,北蔵の南に南北棟で建つ。切妻造で、東西に下屋を設け、石州赤瓦で葺く。土蔵造２階建で、内部は各３室に分かれ、１階南２室は畳敷とする。外壁は白漆喰仕上げ。南妻面は、１階に出格子を付け、上部に家紋をあしらい、南面する神社参道を意識した構成になる。,https://bunka.nii.ac.jp/heritage/43967/_108523/43967_108523111225031334846_300.jpg
101,00007542,藤田家住宅表門,ふじたけじゅうたくおもてもん,1棟,,登録有形文化財(建造物),住宅,その他工作,,江戸,江戸末期,1830-1867,木造、瓦葺、間口1.7m,,32 － 0092,62,2009.01.22(平成21.01.22),2009.01.08(平成21.01.08),,20090108,,国土の歴史的景観に寄与しているもの,,島根県,島根県江津市江津町328,,,,,35.00838000000000,132.22790000000000,主屋座敷部の前庭前、本町通りに面して建つ。一間棟門。土台上に方柱を建て、冠木、女梁、男梁を架し、束を立て棟木を支持する。軒は二軒繁垂木で、屋根は切妻造桟瓦葺。雲肘木風の女梁、絵様が彫られる男梁、雲文様の鰭や降懸魚など細部に装飾を施す。,https://bunka.nii.ac.jp/heritage/43967/_108524/43967_108524111225031335715_300.jpg
101,00007543,藤田家住宅塀,ふじたけじゅうたくへい,1棟,,登録有形文化財(建造物),住宅,その他工作,,江戸,江戸末期,1830-1867,木造、瓦葺、総延長26m、片引戸付,,32 － 0093,62,2009.01.22(平成21.01.22),2009.01.08(平成21.01.08),,20090108,,国土の歴史的景観に寄与しているもの,,島根県,島根県江津市江津町328,,,,,35.00842000000000,132.22790000000000,主屋の座敷前庭、カンジョウバ前庭、ドマ前庭を画する塀で、延長２６ｍに及び、敷地内を仕切る塀には潜りを設ける。土台上に方柱を建て、腕木で軒桁を支え、石州赤瓦を葺く。軒の出や棟高、壁の仕様を場所によって違え、変化に富む屋敷景観を構成する。,https://bunka.nii.ac.jp/heritage/43967/_108525/43967_108525111225031336604_300.jpg
101,00007544,花田医院診療所及び主屋,はなだいいんしんりょうじょおよびしゅおく,1棟,,登録有形文化財(建造物),文化福祉,建築物,,昭和前,昭和12,1937,木造2階建、瓦葺、建築面積233㎡,,32 － 0094,62,2009.01.22(平成21.01.22),2009.01.08(平成21.01.08),,20090108,,国土の歴史的景観に寄与しているもの,,島根県,島根県江津市江津町147他,,,,,35.00922000000000,132.22820000000000,本町通り西側に占める敷地に建つ。Ｔ字型に落棟を付ける寄棟造の木造２階建を中心に、その正面に入母屋造の玄関、その南側直角に半切妻造で洋風意匠になる診療所、背面に半切妻造の台所などを付設する。複雑な構成になる建物で、カーキ色の石州瓦が印象的。,https://bunka.nii.ac.jp/heritage/43967/_108526/43967_108526111225031338460_300.jpg
101,00007545,花田医院門及び塀,はなだいいんもんおよびへい,1基,,登録有形文化財(建造物),文化福祉,その他工作,,昭和前,昭和前期,1926-1988,門　鉄筋コンクリート造、間口2.1m、塀　木造、瓦葺、延長19m、開戸付,,32 － 0095,62,2009.01.22(平成21.01.22),2009.01.08(平成21.01.08),,20090108,,国土の歴史的景観に寄与しているもの,,島根県,島根県江津市江津町147他,,,,,35.00913000000000,132.22820000000000,主屋玄関の正面に、高さ２．０ｍのＲＣ造洗出しで、頂部を段状に造る門柱を間口２．１ｍに建てる。通り沿いを生垣とし、その南端から隣地境にカーキ色の石州瓦葺の塀を設ける。方柱で、上部に横桟を渡し、壁は漆喰仕上げ腰モルタル塗とする。屋敷構えを整える。,https://bunka.nii.ac.jp/heritage/43967/_108527/43967_108527111225031339352_300.jpg
101,00007546,中村家住宅主屋,なかむらけじゅうたくしゅおく,1棟,,登録有形文化財(建造物),住宅,建築物,,明治,明治15／明治18増築・昭和63改修,1882／1885増築・1988改修,木造平屋建、瓦葺、建築面積260㎡,,32 － 0096,62,2009.01.22(平成21.01.22),2009.01.08(平成21.01.08),,20090108,,造形の規範となっているもの,,島根県,島根県江津市桜江町大貫378-1,,,,,34.95268000000000,132.40150000000000,敷地の中央に西面して建つ木造つし２階建。切妻造で三方に下屋庇をまわし、南面に木造２階建の離れを付設する。屋根は石州赤瓦葺とし、壁は白漆喰で塗り込め、風格ある外観をつくる。北寄りを土間、南を六間取の床上部とし、座敷飾りを備える座敷などを配する。,https://bunka.nii.ac.jp/heritage/43967/_108528/43967_108528111225031340215_300.jpg
101,00007547,中村家住宅背戸蔵,なかむらけじゅうたくせどぐら,1棟,,登録有形文化財(建造物),住宅,建築物,,江戸,江戸末期／明治前期改修,1830-1867／1868-1911改修,土蔵造2階建、瓦葺、建築面積34㎡,,32 － 0097,62,2009.01.22(平成21.01.22),2009.01.08(平成21.01.08),,20090108,,国土の歴史的景観に寄与しているもの,,島根県,島根県江津市桜江町大貫378-1,,,,,34.95272000000000,132.40160000000000,主屋土間背面の背戸口の向かいに建つ蔵。桁行６．９ｍ梁間４．９ｍの土蔵造２階建。切妻造石州赤瓦葺で、白漆喰仕上げであった。内部は板床で、荒壁仕上げとする。小屋は梁に束を建て地棟を支持する架構で、竹野地を残し、独特の風合いを伝えている。,https://bunka.nii.ac.jp/heritage/43967/_108529/43967_108529111225031341102_300.jpg
101,00007548,中村家住宅納戸蔵,なかむらけじゅうたくなんどぐら,1棟,,登録有形文化財(建造物),住宅,建築物,,明治,明治前期／昭和28頃改修,1868-1911／1953頃改修,土蔵造2階建、瓦葺、建築面積45㎡,,32 － 0098,62,2009.01.22(平成21.01.22),2009.01.08(平成21.01.08),,20090108,,国土の歴史的景観に寄与しているもの,,島根県,島根県江津市桜江町大貫378-1,,,,,34.95251000000000,132.40160000000000,主屋の東南に位置する。桁行７．９ｍ梁間５．９ｍ規模の土蔵造２階建で、高い石積基礎上に建つ。石州赤瓦を葺く東西棟の切妻造で、北面に庇を付ける。１階西半部は部屋に改造され、トコや物入を備え、南面には広く窓を開ける。,https://bunka.nii.ac.jp/heritage/43967/_108530/43967_108530111225031341996_300.jpg
101,00007549,中村家住宅米雑蔵,なかむらけじゅうたくこめざつぐら,1棟,,登録有形文化財(建造物),住宅,建築物,,江戸,江戸後期／昭和前期改修,1751-1829／1926-1988改修,土蔵造2階建、瓦葺、建築面積72㎡,,32 － 0099,62,2009.01.22(平成21.01.22),2009.01.08(平成21.01.08),,20090108,,国土の歴史的景観に寄与しているもの,,島根県,島根県江津市桜江町大貫378-1,,,,,34.95238000000000,132.40160000000000,主屋の東南、納戸蔵の南に建つ。桁行９．９ｍ梁間３．９ｍの土蔵造２階建。南北棟の切妻造で、西面に奥行３．０ｍの下屋庇を付ける。石州赤瓦葺。１階は南北２室に間仕切り、北側に米や籾、南側に藁を保管し、下屋で精米などの作業が行われた。,https://bunka.nii.ac.jp/heritage/43967/_108531/43967_108531111225031343690_300.jpg
101,00007550,中村家住宅旧郷蔵,なかむらけじゅうたくきゅうごうぐら,1棟,,登録有形文化財(建造物),住宅,建築物,,江戸,弘化4／昭和中期改修,1847／1926-1988改修,土蔵造2階建、瓦葺、建築面積27㎡,,32 － 0100,62,2009.01.22(平成21.01.22),2009.01.08(平成21.01.08),,20090108,,国土の歴史的景観に寄与しているもの,,島根県,島根県江津市桜江町大貫378-1,,,,,34.95225000000000,132.40160000000000,屋敷地の東南隅に位置する。桁行６．９ｍ梁間３．９ｍ規模の土蔵造２階建。東西棟の切妻造で、北面に庇を設け、石州赤瓦で葺く。飢饉などに備えるために籾などを貯蔵する旧大貫村の郷蔵で、地域の歴史を伝える遺構である。,https://bunka.nii.ac.jp/heritage/43967/_108532/43967_108532111225031344588_300.jpg
101,00007551,中村家住宅農具庫,なかむらけじゅうたくのうぐこ,1棟,,登録有形文化財(建造物),住宅,建築物,,明治,明治15頃,1882頃,木造平屋建、瓦葺、建築面積13㎡,,32 － 0101,62,2009.01.22(平成21.01.22),2009.01.08(平成21.01.08),,20090108,,国土の歴史的景観に寄与しているもの,,島根県,島根県江津市桜江町大貫378-1,,,,,34.95286000000000,132.40140000000000,主屋の北に位置する。南北棟の招屋根で、石州赤瓦で葺く。桁行６．５ｍ梁間２．０ｍの木造平屋建。東面を開放、他を漆喰壁とし、正面から一部側面にかけて腰板を張る。内部は土間で、土壁とする。主屋との間に、塀などを設けて敷地内を画していた。,https://bunka.nii.ac.jp/heritage/43967/_108533/43967_108533111225031345481_300.jpg
101,00007552,中村家住宅石垣,なかむらけじゅうたくいしがき,1基,,登録有形文化財(建造物),住宅,その他工作,,江戸,江戸前期／江戸末期改修,1830-1867／1830-1867改修,石積、延長125m,,32 － 0102,62,2009.01.22(平成21.01.22),2009.01.08(平成21.01.08),,20090108,,国土の歴史的景観に寄与しているもの,,島根県,島根県江津市桜江町大貫378-1,,,,,34.95235000000000,132.40150000000000,屋敷地は東から北にかけて山に囲まれ、西面から南面にかけて石垣を築き、西面に城戸道と称する通路を設ける。石垣は乱積で延長１２５ｍに及び、高さは２?３ｍで、南ほど高くなる。石は地元産の流紋岩が多くを占める。庄屋の堂々たる屋敷構えを伝えている。,https://bunka.nii.ac.jp/heritage/43967/_108534/43967_108534111225031346406_300.jpg
101,00008053,旧江津町役場本庁舎,きゅうごうつちょうやくばほんちょうしゃ,1棟,,登録有形文化財(建造物),官公庁舎,建築物,,大正,大正15／昭和41・昭和52・平成19改修,1926／1966・1977・2007改修,鉄筋コンクリート造及び木造2階建、金属板葺、建築面積205㎡,,32-0103,66,2010.02.03(平成22.02.03),2010.01.15(平成22.01.15),,20100115,,国土の歴史的景観に寄与しているもの,,島根県,島根県江津市江津町121-1,,,,,35.00855465000000,132.22748489000000,神社参道沿いに建ち、建築面積２０５㎡、鉄筋コンクリート造及び木造２階建、寄棟造金属板葺である。正面は中央と左右に二層分の柱型を配して頂部を段状のパラペットとし、その間に縦長窓や幾何学的な図柄を配しており、左右相称で上昇感のある立面構成をもつ。,https://bunka.nii.ac.jp/heritage/43967/_128884/43967_128884162672036316695_300.jpg
101,00008054,藤田佳宏家住宅主屋,ふじたよしひろけじゅうたくしゅおく,1棟,,登録有形文化財(建造物),住宅,建築物,,江戸,江戸末期,1830-1867,木造平屋建、瓦葺、建築面積132㎡,,32-0104,66,2010.02.03(平成22.02.03),2010.01.15(平成22.01.15),,20100115,,国土の歴史的景観に寄与しているもの,,島根県,島根県江津市江津町286他,,,,,35.00653000000000,132.22670000000000,敷地中央に北面して建ち、桁行１３ｍ梁間８．８ｍ、切妻造桟瓦葺で、周囲に下屋、背面に便所棟を付設。外観は正・背面の下部を真壁とし、他は漆喰で塗り込め、土間上部には煙出を突き出す。鍵座敷型の四間取を基本とし、石見地方の伝統的な民家平面を伝える。,https://bunka.nii.ac.jp/heritage/43967/_128885/43967_128885111225032737152_300.jpg
101,00008055,藤田佳宏家住宅土蔵,ふじたよしひろじゅうたくどぞう,1棟,,登録有形文化財(建造物),住宅,建築物,,明治,明治中期,1868-1911,土蔵造2階建、瓦葺、建築面積22㎡,,32-0105,66,2010.02.03(平成22.02.03),2010.01.15(平成22.01.15),,20100115,,国土の歴史的景観に寄与しているもの,,島根県,島根県江津市江津町286他,,,,,35.00638000000000,132.22670000000000,敷地の南西隅、主屋後方に延びる便所棟を介して建つ。桁行４．９ｍ梁間３．９ｍ、土蔵造２階建、切妻造桟瓦葺である。背面側は野面積の石垣上に建ち、１階部分を下屋状に扱う。屋根瓦には赤色の石州瓦を使用しており、歴史的な屋敷構えを形成している。,https://bunka.nii.ac.jp/heritage/43967/_128886/43967_128886111225032739054_300.jpg
101,00008056,藤田佳宏家住宅納屋,ふじたよしひろけじゅうたくなや,1棟,,登録有形文化財(建造物),住宅,建築物,,明治,明治中期,1868-1911,土蔵造2階建、瓦葺、建築面積40㎡,,32-0106,66,2010.02.03(平成22.02.03),2010.01.15(平成22.01.15),,20100115,,国土の歴史的景観に寄与しているもの,,島根県,島根県江津市江津町286他,,,,,35.00642000000000,132.22680000000000,主屋の後方、土蔵の東面に接続する。桁行８．９ｍ梁間３．９ｍ、土蔵造２階建、切妻造桟瓦葺である。土蔵と一連の野面積の石垣上に建ち、東面と北面は腰に竪板を張る。屋根は土蔵と同様に石州赤瓦を葺いており、屋敷地背面の景観を整える。,https://bunka.nii.ac.jp/heritage/43967/_128887/43967_128887111225032739903_300.jpg
101,00008057,藤田佳宏家住宅表門及び土塀,ふじたよしひろけじゅうたくおもてもんおよびどべい,1棟,,登録有形文化財(建造物),住宅,その他工作,,明治,明治後期,1868-1911,門　木造、瓦葺、間口2.2m、石橋付　塀　木造、瓦葺、延長17m,,32-0107,66,2010.02.03(平成22.02.03),2010.01.15(平成22.01.15),,20100115,,国土の歴史的景観に寄与しているもの,,島根県,島根県江津市江津町286他,,,,,35.00662000000000,132.22660000000000,表門は敷地前面の東寄りに建ち、一間棟門、切妻造桟瓦葺で、軸部は、独特な形状の肘木と冠木を交差させて腕木を支持する。東西に延びる土塀は敷地前面を流れる本町川の護岸上に建ち、壁体は漆喰塗で、桟瓦を葺き、表門とともに風格ある表構えを構成している。,https://bunka.nii.ac.jp/heritage/43967/_128888/43967_128888111225032741821_300.jpg
101,00008059,山下家住宅主屋,やましたけじゅうたくしゅおく,1棟,,登録有形文化財(建造物),住宅,建築物,,明治,明治16,1883,木造平屋一部2階建、瓦葺、建築面積380㎡,,32-0109,66,2010.02.03(平成22.02.03),2010.01.15(平成22.01.15),,20100115,,国土の歴史的景観に寄与しているもの,,島根県,島根県江津市松川町畑田598,,,,,35.01084000000000,132.30740000000000,敷地の北寄りに位置する。桁行２０ｍ梁間１２ｍ、切妻造石州赤瓦葺の上屋部分を中心に、南正面に下屋庇、西面に切妻屋根などを付設する規模の大きな住宅。木造つし２階建で、西に土間やナカエ、東に九室からなる床上を配する。山間に残る大規模農家建築の好例。,https://bunka.nii.ac.jp/heritage/43967/_128890/43967_128890111225032745326_300.jpg
101,00008060,山下家住宅離れ,やましたけじゅうたくはなれ,1棟,,登録有形文化財(建造物),住宅,建築物,,昭和前,昭和4,1929,木造2階建、瓦葺、建築面積109㎡,,32-0110,66,2010.02.03(平成22.02.03),2010.01.15(平成22.01.15),,20100115,,国土の歴史的景観に寄与しているもの,,島根県,島根県江津市松川町畑田598,,,,,35.01102000000000,132.30740000000000,主屋の東に接して建つ木造２階建。東西棟の切妻造で、東面に片流屋根、南・北面に下屋庇を掛け、石州赤瓦で葺く。内部は１、２階とも続き座敷を設け、１階には書斎や書庫、浴室などを付設する。トコや違棚、繊細な付書院などを構える、良質な書院座敷である。,https://bunka.nii.ac.jp/heritage/43967/_128891/43967_128891111225032746238_300.jpg
101,00008061,山下家住宅背戸蔵,やましたけじゅうたくせとぐら,1棟,,登録有形文化財(建造物),住宅,建築物,,明治,明治31,1898,土蔵造2階建、瓦葺、建築面積35㎡,,32-0111,66,2010.02.03(平成22.02.03),2010.01.15(平成22.01.15),,20100115,,国土の歴史的景観に寄与しているもの,,島根県,島根県江津市松川町畑田598,,,,,35.01091000000000,132.30730000000000,主屋の北側に東西棟で建つ。桁行６．９ｍ梁間５．０ｍの土蔵造２階建。切妻造で石州赤瓦葺とし、白漆喰仕上げ。東面は足下を海鼠壁とし、出入口や窓を開け、家紋を飾る。内部は中塗仕上げ。小屋組は大きく反った梁が直接に棟木を支え、力感溢れる架構を見せる。,https://bunka.nii.ac.jp/heritage/43967/_128892/43967_128892111225032747082_300.jpg
101,00008062,山下家住宅門蔵,やましたけじゅうたくもんぐら,1棟,,登録有形文化財(建造物),住宅,建築物,,江戸,天保12,1841,土蔵造2階建、瓦葺、建築面積25㎡,,32-0112,66,2010.02.03(平成22.02.03),2010.01.15(平成22.01.15),,20100115,,国土の歴史的景観に寄与しているもの,,島根県,島根県江津市松川町畑田598,,,,,35.01090000000000,132.30760000000000,主屋の東南に南北棟で建つ。桁行６．１ｍ梁間４．１ｍの土蔵造２階建。切妻造で石州赤瓦葺。腰を目板張とする白漆喰仕上げで、軒まで塗り込める。西面に出入口を設け、片引き戸をたて、南面に窓を開ける。敷地東南隅に位置し、敷地景観を整える。,https://bunka.nii.ac.jp/heritage/43967/_128893/43967_128893111225032748016_300.jpg
101,00008063,山下家住宅長屋,やましたけじゅうたくながや,1棟,,登録有形文化財(建造物),住宅,建築物,,江戸,江戸末期,1830-1867,木造2階建、瓦葺、建築面積84㎡,,32-0113,66,2010.02.03(平成22.02.03),2010.01.15(平成22.01.15),,20100115,,国土の歴史的景観に寄与しているもの,,島根県,島根県江津市松川町畑田598,,,,,35.01065000000000,132.30740000000000,主屋の西南に位置し、南北棟で建つ木造２階建。桁行１５ｍ梁間５．９ｍで、北側桁行３．９ｍは梁間４．９ｍとする。切妻造で石州赤瓦葺、真壁造。内部は１、２階とも三室に分かれ、１階南室は使用人部屋、中央は馬小屋として使われた。屋敷構えを構成する一要素。,https://bunka.nii.ac.jp/heritage/43967/_128894/43967_128894111225032749741_300.jpg
101,00008064,山下家住宅井戸小屋,やましたけじゅうたくいどごや,1棟,,登録有形文化財(建造物),住宅,その他工作,,昭和前,昭和前期,1926-1988,木造、瓦葺、面積4.0㎡,,32-0114,66,2010.02.03(平成22.02.03),2010.01.15(平成22.01.15),,20100115,,国土の歴史的景観に寄与しているもの,,島根県,島根県江津市松川町畑田598,,,,,35.01098000000000,132.30760000000000,離れの東南に位置する。南北棟の切妻造で、石州赤瓦葺。桁行１．９ｍ梁間１．９ｍに方柱を建て、直接に桁や梁を架ける。一軒疎垂木を配し、竹小舞野地を見せる。中央に木製の井戸枠を置き、その南側には切石敷の洗い場が残る。生活の一端を示す遺構。,https://bunka.nii.ac.jp/heritage/43967/_128895/43967_128895111225032751453_300.jpg
101,00008065,山下家住宅門及び築地塀,やましたけじゅうたくもんおよびついじべい,1棟,,登録有形文化財(建造物),住宅,その他工作,,昭和前,昭和前期,1926-1988,門　木造、瓦葺、間口2.3m　塀　木造、瓦葺、延長25m,,32-0115,66,2010.02.03(平成22.02.03),2010.01.15(平成22.01.15),,20100115,,国土の歴史的景観に寄与しているもの,,島根県,島根県江津市松川町畑田598,,,,,35.01087000000000,132.30750000000000,離れの南、主屋の東にある庭園を囲む築地塀で、西面して門を構える。築地塀は白漆喰仕上げ、赤瓦葺で、高さ２．２ｍ、延長２５ｍを測る。門は間口２．３ｍ、切妻造赤瓦葺の腕木門。両開板戸を吊る。軒は一軒疎垂木。白漆喰と赤瓦が庭園景観に彩りを添える。,https://bunka.nii.ac.jp/heritage/43967/_128896/43967_128896111225032753202_300.jpg
101,00008066,山下家住宅石垣,やましたけじゅうたくいしがき,1基,,登録有形文化財(建造物),住宅,その他工作,,江戸,江戸後期,1751-1829,石造、延長45m,,32-0116,66,2010.02.03(平成22.02.03),2010.01.15(平成22.01.15),,20100115,,国土の歴史的景観に寄与しているもの,,島根県,島根県江津市松川町畑田598,,,,,35.01058000000000,132.30750000000000,斜面地に敷地を造成しており、敷地前面に石垣が築かれる。通りから主屋正面への石段の左右と、通り沿いに延長４５ｍを測り、最も高いところでは３．８ｍに及ぶ。割石を乱積としたもので、隅は算木積風に造る。屋敷地正面に独特の重厚感を与える。,https://bunka.nii.ac.jp/heritage/43967/_128897/43967_128897111225032755013_300.jpg
101,00008166,石橋家住宅主屋,いしばしけじゅうたくしゅおく,1棟,,登録有形文化財(建造物),住宅,建築物,,江戸,江戸末期,1830-1867,木造平屋建一部2階建、瓦葺、建築面積262㎡,,32 － 0117,67,2010.05.20(平成22.05.20),2010.04.28(平成22.04.28),,20100428,,国土の歴史的景観に寄与しているもの,,島根県,島根県出雲市平田町字新町834,,,,,35.43811000000000,132.82120000000000,新町通りに東面する塗屋造の妻入町家で、建築面積２６２㎡、木造平屋建一部２階建、切妻造桟瓦葺である。正面は、左右を下屋造とし、下階に平格子を建て、上階は中央に庇付の格子窓を穿ち、腰を海鼠壁とする。商家が建ち並んだ往時の面影を伝えている。,https://bunka.nii.ac.jp/heritage/43967/_132607/43967_132607111225033108938_300.jpg
101,00008167,石橋家住宅茶室,いしばしけじゅうたくちゃしつ,1棟,,登録有形文化財(建造物),住宅,建築物,,明治,明治中期,1868-1911,木造平屋建、瓦葺、建築面積13㎡,,32 － 0118,67,2010.05.20(平成22.05.20),2010.04.28(平成22.04.28),,20100428,,国土の歴史的景観に寄与しているもの,,島根県,島根県出雲市平田町字新町834,,,,,35.43822000000000,132.82130000000000,主屋北東の縁に接続して建つ中板付三畳茶室。 建築面積１３㎡、木造平屋建、寄棟造桟瓦葺で、来待石の棟石を上げる。北面の違棚は背面に大きめの円形下地窓を穿ち、東に踏込床を並べる。東・南面は腰付障子としており、庭に対して開放的な構成とする。,https://bunka.nii.ac.jp/heritage/43967/_132608/43967_132608111225033112692_300.jpg
101,00008168,石橋家住宅向座敷,いしばしけじゅうたくむこうざしき,1棟,,登録有形文化財(建造物),住宅,建築物,,明治,明治後期,1868-1911,木造2階建、瓦葺、建築面積79㎡,,32 － 0119,67,2010.05.20(平成22.05.20),2010.04.28(平成22.04.28),,20100428,,国土の歴史的景観に寄与しているもの,,島根県,島根県出雲市平田町字新町834,,,,,35.43800000000000,132.82130000000000,主屋の南側、通りに面して建ち、建築面積７９㎡、木造２階建、入母屋造桟瓦葺で、東西面を下屋とする。布石積基礎に建ち、外壁は白漆喰塗籠で、腰を下見板張とし、上下階とも東面に幅の広い格子窓を穿つ。主屋とともに、伝統的な街路景観を形成している。,https://bunka.nii.ac.jp/heritage/43967/_132609/43967_132609111225033114597_300.jpg
101,00008328,財間家住宅主屋,ざいまけじゅうたくしゅおく,1棟,,登録有形文化財(建造物),住宅,建築物,,明治,明治後期／昭和前期・昭和中期改修,1898-1911／1926-1945・1946-1965改修,木造2階建、瓦葺、建築面積408㎡,,32 － 0120,68,2010.09.10(平成22.09.10),2010.09.10(平成22.09.10),,20100910,,造形の規範となっているもの,,島根県,島根県鹿足郡津和野町後田字本町ハ38他,,,,,34.46786000000000,131.77420000000000,通りに西面する町家。間口１５ｍの木造２階建、北側面に座敷、背面に台所や浴室、便所などを付設する。切妻造桟瓦葺で、正面に下屋を付ける。正面２階は両端を大壁とし、その間に広く格子を構え、１階に平格子や出格子を設ける。津和野の代表的な町家建築である。,https://bunka.nii.ac.jp/heritage/43967/_133970/43967_133970985760853016876_300.jpg
101,00008329,財間家住宅漬物倉及び木小屋,ざいまけじゅうたくつけものぐらおよびきごやくら,1棟,,登録有形文化財(建造物),住宅,建築物,,明治,明治後期／昭和前期改修,1898-1911／1926-1945改修,木造平屋建、瓦葺、建築面積35㎡,,32 － 0121,68,2010.09.10(平成22.09.10),2010.09.10(平成22.09.10),,20100910,,国土の歴史的景観に寄与しているもの,,島根県,島根県鹿足郡津和野町後田字本町ハ38他,,,,,34.46772000000000,131.77430000000000,主屋背後に接続する台所棟から東西に延びる桁行１２ｍ梁間２．９ｍの木造平屋建。切妻造桟瓦葺。東西三室に分け、西端を土間で井戸を置き、中央を漬物倉、東側を木小屋とする。敷地側は真壁。通り側を大壁とし、主屋から連続して、街路景観を形成する。,https://bunka.nii.ac.jp/heritage/43967/_133971/43967_133971920507582893571_300.jpg
101,00008330,財間家住宅上の蔵,ざいまけじゅうたくかみのくら,1棟,,登録有形文化財(建造物),住宅,建築物,,明治,明治後期／昭和前期改修,1898-1911／1926-1945改修,土蔵造2階建、瓦葺、建築面積35㎡,,32 － 0122,68,2010.09.10(平成22.09.10),2010.09.10(平成22.09.10),,20100910,,国土の歴史的景観に寄与しているもの,,島根県,島根県鹿足郡津和野町後田字本町ハ38他,,,,,34.46769000000000,131.77440000000000,敷地東南隅に位置する。南北棟の切妻造で、西面に瓦葺庇を付ける。石積基礎上に建つ土蔵造２階建で、漆喰仕上げ、南面は高くモルタル洗出し仕上げとし、上部に窓を開ける。内部は中塗仕上げで、板床を張る。西面には掛子塗の両開戸を吊る。,https://bunka.nii.ac.jp/heritage/43967/_133972/43967_133972024184842121589_300.jpg
101,00008331,財間家住宅下の蔵,ざいまけじゅうたくしものくら,1棟,,登録有形文化財(建造物),住宅,建築物,,明治,明治後期／昭和前期改修,1898-1911／1926-1945改修,土蔵造2階建、瓦葺、建築面積35㎡,,32 － 0123,68,2010.09.10(平成22.09.10),2010.09.10(平成22.09.10),,20100910,,国土の歴史的景観に寄与しているもの,,島根県,島根県鹿足郡津和野町後田字本町ハ38他,,,,,34.46778000000000,131.77450000000000,上の蔵の北に位置し、その間にヒアイと称し、漬物壺などを置く部屋を設ける。桁行９．６ｍ梁間３．７ｍ、南北棟の切妻造桟瓦葺とする。石積基礎上に建つ土蔵造２階建で、１階内部は南北に二室とし、北に米を納める。上の蔵と一連で敷地東辺の景観を整える。,https://bunka.nii.ac.jp/heritage/43967/_133973/43967_133973602011405718966_300.jpg
101,00008332,財間家住宅部屋の蔵,ざいまけじゅうたくへやのくら,1棟,,登録有形文化財(建造物),住宅,建築物,,明治,明治後期,1898-1911,土蔵造2階建、瓦葺、建築面積23㎡,,32 － 0124,68,2010.09.10(平成22.09.10),2010.09.10(平成22.09.10),,20100910,,国土の歴史的景観に寄与しているもの,,島根県,島根県鹿足郡津和野町後田字本町ハ38他,,,,,34.46802000000000,131.77420000000000,主屋北側に庭を挟んだ位置に南北棟で建つ。桁行５．９ｍ梁間３．９ｍの土蔵造２階建。切妻造桟瓦葺。石積基礎上、漆喰仕上げとし、腰を海鼠壁とする。東面に出入口を設け、掛子塗の両開戸をたて、通り側の上部に窓を開け、銅製の開戸を吊る。,https://bunka.nii.ac.jp/heritage/43967/_133974/43967_133974996298349821727_300.jpg
101,00008333,財間家住宅本門,ざいまけじゅうたくほんもん,1棟,,登録有形文化財(建造物),住宅,その他工作物,,明治,明治後期,1898-1911,木造、瓦葺、間口1.7m、左右袖塀付,,32 － 0125,68,2010.09.10(平成22.09.10),2010.09.10(平成22.09.10),,20100910,,国土の歴史的景観に寄与しているもの,,島根県,島根県鹿足郡津和野町後田字本町ハ38他,,,,,34.46797000000000,131.77410000000000,主屋の北、通りに面して建つ。一間腕木門で、左右に袖塀を付ける。本柱上、楣で固め、前後に腕木を出し、桁を支持する。一軒疎垂木。切妻造で、桟瓦を葺き、棟は輪違とする。建具は両開戸で、通り側は桟唐戸に作る。主屋や部屋の蔵とともに重厚な屋敷構えを見せる。,https://bunka.nii.ac.jp/heritage/43967/_133975/43967_133975252811794507711_300.jpg
101,00008334,財間家住宅横門,ざいまけじゅうたくよこもん,1棟,,登録有形文化財(建造物),住宅,その他工作物,,明治,明治後期,1898-1911,木造、瓦葺、間口1.8m,,32 － 0126,68,2010.09.10(平成22.09.10),2010.09.10(平成22.09.10),,20100910,,国土の歴史的景観に寄与しているもの,,島根県,島根県鹿足郡津和野町後田字本町ハ38他,,,,,34.46768000000000,131.77440000000000,屋敷地南側の小路に面する門。漬物倉及び木小屋と上の蔵との間に建つ。間口１．８ｍで、本柱間に蹴放や楣を設け、両開の板戸を吊る。軒は一軒疎垂木。屋根は両下造で、桟瓦を葺き、棟は熨斗積とする。簡易な通用門で、小路沿いの屋敷構えの一端を担う。,https://bunka.nii.ac.jp/heritage/43967/_133976/43967_133976277559639189951_300.jpg
101,00008335,分銅屋店舗兼主屋,ぶんどうやてんぽけんしゅおく,1棟,,登録有形文化財(建造物),産業3次,建築物,,江戸,安政(1854-60)頃／昭和前期改修,1854-1960頃／1926-1945改修,木造平屋建、鉄板葺、建築面積185㎡,,32 － 0127,68,2010.09.10(平成22.09.10),2010.09.10(平成22.09.10),,20100910,,国土の歴史的景観に寄与しているもの,,島根県,島根県鹿足郡津和野町後田字本町ロ190他,,,,,34.46849000000000,131.77450000000000,通りに西面する間口１１ｍの町家。切妻造鉄板葺で、当初はつし２階建。正面に下屋庇を付け、背面は葺き降ろし、台所や便所を付設する。漆喰仕上げで、２階に広く格子窓を穿ち、１階には格子戸をたて、幕板のガラスに家紋をあしらう。津和野における町家の一例。,https://bunka.nii.ac.jp/heritage/43967/_133977/43967_133977111225033650675_300.jpg
101,00008336,分銅屋土蔵,ぶんどうやどぞう,1棟,,登録有形文化財(建造物),産業3次,建築物,,江戸,安政(1854-60)頃,1854-1960頃,土蔵造2階建、瓦葺、建築面積38㎡,,32 － 0128,68,2010.09.10(平成22.09.10),2010.09.10(平成22.09.10),,20100910,,国土の歴史的景観に寄与しているもの,,島根県,島根県鹿足郡津和野町後田字本町ロ190他,,,,,34.46840000000000,131.77470000000000,主屋の東後方に位置する。桁行８．５ｍ梁間４．５ｍの土蔵造２階建。東西棟の切妻造とし、桟瓦で葺き、西面に出入口を開き、鉄板葺庇を付ける。切石基礎上に、腰板張で、上部漆喰仕上げとし、妻上部に家紋をつくり出す。屋敷構えを構成する一要素。,https://bunka.nii.ac.jp/heritage/43967/_133978/43967_133978111225033652521_300.jpg
101,00008337,分銅屋ござ蔵及びびんつけ蔵,ぶんどうやござぐらおよびびんつけぐら,1棟,,登録有形文化財(建造物),産業3次,建築物,,明治,明治後期,1898-1911,土蔵造平屋建、瓦葺、建築面積52㎡、便所付,,32 － 0129,68,2010.09.10(平成22.09.10),2010.09.10(平成22.09.10),,20100910,,国土の歴史的景観に寄与しているもの,,島根県,島根県鹿足郡津和野町後田字本町ロ190他,,,,,34.46839000000000,131.77490000000000,主屋の後方、土蔵の東北に位置する。桁行１３ｍ梁間４．０ｍの切妻造桟瓦葺で、東半部の棟を下げる。壁は腰モルタルで、上部は西寄りが漆喰仕上げ、東側が中塗仕上げである。西面北寄りに桁行３．１ｍ梁間１．１ｍの木造便所を付設する。作業場の名残を留める。,https://bunka.nii.ac.jp/heritage/43967/_133979/43967_133979111225033655472_300.jpg
101,00008338,分銅屋はぜ蔵,ぶんどうやはぜぐらはぜ,1棟,,登録有形文化財(建造物),産業3次,建築物,,明治,明治後期,1898-1911,土蔵造平屋建、瓦葺、建築面積83㎡,,32 － 0130,68,2010.09.10(平成22.09.10),2010.09.10(平成22.09.10),,20100910,,国土の歴史的景観に寄与しているもの,,島根県,島根県鹿足郡津和野町後田字本町ロ190他,,,,,34.46824000000000,131.77520000000000,東西に長い敷地の東端に位置する。桁行１３ｍ梁間５．９ｍの土蔵造平屋建。東西棟の切妻造桟瓦葺で、南面に間口４．２ｍ奥行１．３ｍの庇を付ける。石積基礎上に建ち、漆喰仕上げで腰竪板張とし、窓に銅製の戸をたてる。赤瓦と白漆喰に戸の緑青が映える。,https://bunka.nii.ac.jp/heritage/43967/_133980/43967_133980111225033657311_300.jpg
101,00008339,旧布施時計店店舗兼主屋,きゅうふせとけいてんてんぽけんしゅおく,1棟,,登録有形文化財(建造物),産業3次,建築物,,昭和前,昭和9年,1934,木造2階建、瓦葺、建築面積139㎡,,32 － 0131,68,2010.09.10(平成22.09.10),2010.09.10(平成22.09.10),,20100910,,国土の歴史的景観に寄与しているもの,,島根県,島根県鹿足郡津和野町後田字本町ロ192-1,,,,,34.46858000000000,131.77460000000000,通りに西面する木造２階建、桟瓦葺。正面１階を店舗、２階及び背面を住居として建設。正面側はパラペットを立ち上げ、モルタル仕上げとし、２階角に大きく窓を切り欠き、要所に円窓を開ける。１階入口にはショウウインドウが残る。伝統的な町並に変化を与える。,https://bunka.nii.ac.jp/heritage/43967/_133981/43967_133981628075489539134_300.jpg
101,00008340,古橋酒造場店舗兼主屋,ふるはししゅぞうじょうてんぽけんしゅおく,1棟,,登録有形文化財(建造物),産業2次,建築物,,大正,大正10年頃／昭和30年増築,1921頃／1955増築,木造2階建、瓦葺、建築面積310㎡,,32 － 0132,68,2010.09.10(平成22.09.10),2010.09.10(平成22.09.10),,20100910,,国土の歴史的景観に寄与しているもの,,島根県,島根県鹿足郡津和野町後田字本町ロ196他,,古橋酒蔵株式会社,,,34.46885000000000,131.77480000000000,通りに西面する間口１３ｍの木造２階建の町家。モルタル吹付け仕上げの洋館と、昭和増築の座敷を付設する。北入母屋南切妻造桟瓦葺で、側面を大壁造、正面を真壁造とする。２階の内法を高くし、正面に子持格子、両端に袖ウダツを付け、豪壮な正面構えをつくる。,https://bunka.nii.ac.jp/heritage/43967/_133982/43967_133982111225033700773_300.jpg
101,00008341,古橋酒造場作業場,ふるはししゅぞうじょうさぎょうば,1棟,,登録有形文化財(建造物),産業2次,建築物,,大正,大正10年頃,1921頃,土蔵造2階建、瓦葺、建築面積165㎡,,32 － 0133,68,2010.09.10(平成22.09.10),2010.09.10(平成22.09.10),,20100910,,国土の歴史的景観に寄与しているもの,,島根県,島根県鹿足郡津和野町後田字本町ロ196他,,古橋酒蔵株式会社,,,34.46883000000000,131.77500000000000,主屋の東側、北側通り沿いに続く土蔵造２階建。桁行２４ｍ梁間７．０ｍ、切妻造桟瓦葺。石積基礎を造り、外壁を高く下見板張、鉢巻を漆喰仕上げとし、重厚な街路景観を創出する。１階は作業室と貯蔵室、２階には畳敷の部屋や酵母室を設ける。,https://bunka.nii.ac.jp/heritage/43967/_133983/43967_133983111225033702538_300.jpg
101,00008342,古橋酒造場仕込蔵,ふるはししゅぞうじょうしこみぐら,1棟,,登録有形文化財(建造物),産業2次,建築物,,大正,大正10年頃,1921頃,土蔵造2階建、瓦葺、建築面積301㎡,,32 － 0134,68,2010.09.10(平成22.09.10),2010.09.10(平成22.09.10),,20100910,,国土の歴史的景観に寄与しているもの,,島根県,島根県鹿足郡津和野町後田字本町ロ196他,,古橋酒蔵株式会社,,,34.46876000000000,131.77530000000000,作業場の東から敷地東端に延びる、桁行２８ｍ梁間最大１２ｍの大規模な２階建土蔵。入母屋造桟瓦葺。切石基礎に建ち、腰竪板張の漆喰仕上げとし、二段に窓を開け、鉄扉を吊る。東面には大きく破風を設け、白漆喰で塗り込める。酒造場らしい敷地構えをつくる。,https://bunka.nii.ac.jp/heritage/43967/_133984/43967_133984111225033705076_300.jpg
101,00008343,古橋酒造場貯蔵蔵,ふるはししゅぞうじょうちょぞうぐら,1棟,,登録有形文化財(建造物),産業2次,建築物,,大正,大正10年頃,1921頃,土蔵造平屋建、瓦葺、建築面積197㎡,,32 － 0135,68,2010.09.10(平成22.09.10),2010.09.10(平成22.09.10),,20100910,,国土の歴史的景観に寄与しているもの,,島根県,島根県鹿足郡津和野町後田字本町ロ196他,,古橋酒蔵株式会社,,,34.46867000000000,131.77500000000000,敷地南辺の中央に位置する。東西棟の切妻造桟瓦葺で、西端に越屋根を設ける。桁行１９ｍ梁間１０ｍの土蔵造平屋建。腰をモルタル仕上げや板張とする漆喰仕上げで、鉄格子窓を要所に穿つ。梁や桁など太い軸組の和小屋により、広い内部空間を実現している。,https://bunka.nii.ac.jp/heritage/43967/_133985/43967_133985111225033706931_300.jpg
101,00008344,古橋酒造場旧衣装蔵,ふるはししゅぞうじょうきゅういしょうぐら,1棟,,登録有形文化財(建造物),産業2次,建築物,,大正,大正10年頃／平成15年改修,1921頃／2003改修,土蔵造2階建、瓦葺、建築面積23㎡,,32 － 0136,68,2010.09.10(平成22.09.10),2010.09.10(平成22.09.10),,20100910,,国土の歴史的景観に寄与しているもの,,島根県,島根県鹿足郡津和野町後田字本町ロ196他,,古橋酒蔵株式会社,,,34.46873000000000,131.77490000000000,主屋の東南、貯蔵蔵の西に位置する。東西棟の切妻造で、桟瓦で葺く。桁行４．６ｍ梁間４．０ｍの土蔵造２階建。庭側の北面に出入口を設け、庇を付け、上部に窓を穿つ。切石基礎に建ち、腰を海鼠壁、上部を漆喰仕上げとする。庭園を意識したデザインである。,https://bunka.nii.ac.jp/heritage/43967/_133986/43967_133986111225033708566_300.jpg
101,00008345,橋本酒造場店舗兼主屋,はしもとしゅぞうじょうてんぽけんしゅおく,1棟,,登録有形文化財(建造物),産業2次,建築物,,明治,明治中期,1883-1896,木造平屋建、瓦葺、建築面積350㎡,,32 － 0137,68,2010.09.10(平成22.09.10),2010.09.10(平成22.09.10),,20100910,,国土の歴史的景観に寄与しているもの,,島根県,島根県鹿足郡津和野町後田字本町ロ218,,株式会社ヱビヤ商店,,,34.46921000000000,131.77500000000000,通りに西面する間口１４ｍの平入町家で、側背面に座敷や仏間、浴室などを付設する。切妻造で桟瓦を葺き、正面に下屋庇を付ける。木造つし２階建。上屋部分に袖ウダツや虫籠窓、格子、１階に子持格子などを構える。重厚な表構えになる大規模な商家建築。,https://bunka.nii.ac.jp/heritage/43967/_133987/43967_133987111225033710349_300.jpg
101,00008346,橋本酒造場道具蔵,はしもとしゅぞうじょうどうぐぐら,1棟,,登録有形文化財(建造物),産業2次,建築物,,明治,明治中期,1883-1896,土蔵造2階建、瓦葺、建築面積26㎡,,32 － 0138,68,2010.09.10(平成22.09.10),2010.09.10(平成22.09.10),,20100910,,国土の歴史的景観に寄与しているもの,,島根県,島根県鹿足郡津和野町後田字本町ロ218,,株式会社ヱビヤ商店,,,34.46932000000000,131.77500000000000,庭を挟んで、主屋北側に位置する。桁行５．６ｍ梁間４．７ｍの土蔵造２階建。切妻造で桟瓦葺、南面に鉄板葺庇を付ける。自然石積基礎上、漆喰仕上げとし、通り側は腰を海鼠壁とし、上部に銅製の開戸を吊る窓を開ける。通りに妻を見せ、表構えに変化を与える。,https://bunka.nii.ac.jp/heritage/43967/_133988/43967_133988111225033711969_300.jpg
101,00008347,橋本酒造場表門,はしもとしゅぞうじょうおもてもん,1棟,,登録有形文化財(建造物),産業2次,その他工作,,明治,明治中期,1883-1896,木造、瓦葺、間口1.7m、左右袖塀付,,32 － 0139,68,2010.09.10(平成22.09.10),2010.09.10(平成22.09.10),,20100910,,国土の歴史的景観に寄与しているもの,,島根県,島根県鹿足郡津和野町後田字本町ロ218,,株式会社ヱビヤ商店,,,34.46928000000000,131.77500000000000,主屋と道具蔵の間に、通りに面して建つ。間口１．７ｍの棟門で、左右に袖塀を付ける。本柱上、冠木を載せ、男梁を前後に出し、軒桁を支持する。軒天井を張り、一軒疎垂木。切妻造で、桟瓦を葺く。袖塀は腰モルタル、上部漆喰仕上げで桟瓦葺。屋敷構えを整える。,https://bunka.nii.ac.jp/heritage/43967/_133989/43967_133989111225033714673_300.jpg
101,00008348,華泉酒造場店舗兼主屋,かせんしゅぞうじょうてんぽけんしゅおく,1棟,,登録有形文化財(建造物),産業2次,建築物,,明治,明治中期,1883-1896,木造2階建、瓦葺、建築面積303㎡,,32 － 0140,68,2010.09.10(平成22.09.10),2010.09.10(平成22.09.10),,20100910,,造形の規範となっているもの,,島根県,島根県鹿足郡津和野町後田字本町ロ221,,,,,34.46951000000000,131.77530000000000,通りに西面する町家。間口１１ｍの木造２階建で、北側面に十畳の座敷、背面に台所などを付設する。切妻造で正面に下屋庇を付け、桟瓦で葺く。２階は大壁で、虫籠窓を開け、両端に袖ウダツを付け、１階には出格子などを構える。商家らしい雰囲気をよく残している。,https://bunka.nii.ac.jp/heritage/43967/_133990/43967_133990111225033716253_300.jpg
101,00008349,華泉酒造場道具蔵,かせんしゅぞうじょうどうぐぐら,1棟,,登録有形文化財(建造物),産業2次,建築物,,江戸,江戸末期,1830-1867,土蔵造2階建、瓦葺、建築面積27㎡,,32 － 0141,68,2010.09.10(平成22.09.10),2010.09.10(平成22.09.10),,20100910,,国土の歴史的景観に寄与しているもの,,島根県,島根県鹿足郡津和野町後田字本町ロ221,,,,,34.46959000000000,131.77520000000000,主屋の北側に東西棟で建つ。桁行６．８ｍ梁間３．９ｍの土蔵造２階建。切妻造妻入で桟瓦葺とする。自然石を並べ基礎をつくり、壁を漆喰仕上げとし、東面に出入口を設ける。通り側は腰を海鼠壁とし、上部に窓を穿ち、銅製開戸を吊る。,https://bunka.nii.ac.jp/heritage/43967/_133991/43967_133991111225033718487_300.jpg
101,00008350,華泉酒造場旧衣装蔵,かせんしゅぞうじょうきゅういしょうぐら,1棟,,登録有形文化財(建造物),産業2次,建築物,,江戸,江戸末期／平成8年頃改修,1830-1867／1996頃改修,土蔵造2階建、瓦葺、建築面積38㎡,,32 － 0142,68,2010.09.10(平成22.09.10),2010.09.10(平成22.09.10),,20100910,,国土の歴史的景観に寄与しているもの,,島根県,島根県鹿足郡津和野町後田字本町ロ221,,,,,34.46949000000000,131.77510000000000,主屋の南側に東西棟で建つ。桁行９．５ｍ梁間３．９ｍの土蔵造２階建。切妻造で桟瓦葺とする。壁を漆喰仕上げとし、北面に出入り口を設ける。通り側は腰を海鼠壁とし、窓を穿ち、銅製開戸を吊るなど、道具蔵と相似する外観をつくり、風格のある構えとする。,https://bunka.nii.ac.jp/heritage/43967/_133992/43967_133992111225033720396_300.jpg
101,00008351,華泉酒造場中の蔵,かせんしゅぞうじょうなかのくら,1棟,,登録有形文化財(建造物),産業2次,建築物,,江戸,江戸末期,1830-1867,土蔵造平屋建、瓦葺、建築面積191㎡,,32 － 0143,68,2010.09.10(平成22.09.10),2010.09.10(平成22.09.10),,20100910,,国土の歴史的景観に寄与しているもの,,島根県,島根県鹿足郡津和野町後田字本町ロ221,,,,,34.46943000000000,131.77550000000000,主屋の東方、作業場を介して続く。東西棟の切妻造桟瓦葺。梁間６．５ｍで、桁行が３０ｍに及ぶ長大な平屋建土蔵。内部は土間で、東西二室に分け、酒樽を置く。基礎を石積とし、外壁は漆喰仕上げで、腰に竪板を張る。老舗酒造場の佇まいを伝える大規模醸造蔵。,https://bunka.nii.ac.jp/heritage/43967/_133993/43967_133993111225033722112_300.jpg
101,00008352,華泉酒造場東の蔵,かせんしゅぞうじょうひがしのくら,1棟,,登録有形文化財(建造物),産業2次,建築物,,江戸,江戸末期,1830-1867,土蔵造2階建、瓦葺、建築面積144㎡,,32 － 0144,68,2010.09.10(平成22.09.10),2010.09.10(平成22.09.10),,20100910,,国土の歴史的景観に寄与しているもの,,島根県,島根県鹿足郡津和野町後田字本町ロ221,,,,,34.46940000000000,131.77570000000000,敷地東端に位置し、小路に面する。南北棟の土蔵造２階建で、南面に下屋を設け、南北１５ｍ東西９．３ｍの規模に及ぶ。北面は入母屋造、南面は切妻造、桟瓦を葺く。石積基礎上に建ち、板を高く張り、上部を漆喰仕上げとする。小路の町並に落ち着きを与える。,https://bunka.nii.ac.jp/heritage/43967/_133994/43967_133994111225033724774_300.jpg
101,00008353,河田商店店舗兼主屋,かわだしょうてんてんぽけんしゅおく,1棟,,登録有形文化財(建造物),産業3次,建築物,,明治,明治後期,1898-1911,木造2階建、瓦葺、建築面積217㎡,,32 － 0145,68,2010.09.10(平成22.09.10),2010.09.10(平成22.09.10),,20100910,,国土の歴史的景観に寄与しているもの,,島根県,島根県鹿足郡津和野町後田字本町ロ197他,,,,,34.46793000000000,131.77390000000000,東の通りと、南の小路に画される敷地の東端に位置する。間口９．９ｍの木造つし２階建、切妻造桟瓦葺の平入町家で、北面に落棟で座敷や仏間を付設する。壁は大壁で、正面は大きく開口を穿ち、小路側は庇付の窓を三ヶ所穿つ。骨太で剛直な外観をつくる。,https://bunka.nii.ac.jp/heritage/43967/_133995/43967_133995099806455309222_300.jpg
101,00008354,河田商店離れ,かわだしょうてんはなれ,1棟,,登録有形文化財(建造物),産業3次,建築物,,明治,明治後期,1898-1911,木造2階建、瓦葺、建築面積22㎡,,32 － 0146,68,2010.09.10(平成22.09.10),2010.09.10(平成22.09.10),,20100910,,国土の歴史的景観に寄与しているもの,,島根県,島根県鹿足郡津和野町後田字本町ロ197他,,,,,34.46804000000000,131.77390000000000,主屋の西北に東西棟で建つ。桁行７．２ｍ梁間３．３ｍの木造２階建で南面に縁を付設する。切妻造桟瓦葺で、東妻面は下屋を付け、妻を大壁で塗り込め、土蔵風に見せる。庭に南面し、１階に二室、２階に一室配し、２階はトコや棚、平書院を設ける書院座敷とする。,https://bunka.nii.ac.jp/heritage/43967/_133996/43967_133996620500245886708_300.jpg
101,00008355,河田商店庭の蔵,かわだしょうてんにわのくら,1棟,,登録有形文化財(建造物),産業3次,建築物,,明治,明治後期,1898-1911,土蔵造2階建、瓦葺、建築面積46㎡,,32 － 0147,68,2010.09.10(平成22.09.10),2010.09.10(平成22.09.10),,20100910,,国土の歴史的景観に寄与しているもの,,島根県,島根県鹿足郡津和野町後田字本町ロ197他,,,,,34.46806000000000,131.77380000000000,主屋の西方、庭を挟んだ位置に南北棟で建つ。桁行８．８ｍ梁間４．７ｍの２階建土蔵。切妻造で、桟瓦を葺く。壁は腰竪板張の漆喰仕上げで、南面に庇付の窓を上下に設ける。庭側の東面は腰を海鼠壁とし、出入口を開け、桟瓦葺庇を付け、庭園景観を彩る。,https://bunka.nii.ac.jp/heritage/43967/_133997/43967_133997395356481069640_300.jpg
101,00008356,河田商店奥の蔵,かわだしょうてんおくのくら,1棟,,登録有形文化財(建造物),産業3次,建築物,,明治,明治後期／昭和前期増築,1898-1911／1926-1945増築,土蔵造2階建、瓦葺、建築面積49㎡,,32 － 0148,68,2010.09.10(平成22.09.10),2010.09.10(平成22.09.10),,20100910,,国土の歴史的景観に寄与しているもの,,島根県,島根県鹿足郡津和野町後田字本町ロ197他,,,,,34.46810000000000,131.77370000000000,庭の蔵の西に東西棟で建つ。桁行５．９ｍ梁間５．９ｍ、切妻造桟瓦葺の２階建土蔵で、南面を葺き降ろして蔵前とする。１階は二室、２階は一室で、２階には蔵前から入る。腰板張で、蔵前も含めて大壁造で塗り込める。装飾のない、質実な蔵である。,https://bunka.nii.ac.jp/heritage/43967/_133998/43967_133998143779327523497_300.jpg
101,00008357,河田商店本蔵,かわだしょうてんほんぐら,1棟,,登録有形文化財(建造物),産業3次,建築物,,明治,明治後期,1898-1911,土蔵造2階建、瓦葺、建築面積83㎡,,32 － 0149,68,2010.09.10(平成22.09.10),2010.09.10(平成22.09.10),,20100910,,国土の歴史的景観に寄与しているもの,,島根県,島根県鹿足郡津和野町後田字本町ロ197他,,,,,34.46803000000000,131.77360000000000,敷地の南辺、主屋角屋の西に続く。桁行１４ｍ梁間５．９ｍの土蔵造２階建。切妻造桟瓦葺で、東寄りの棟を一段下げる。内部は東寄りと西側に大きく分かれる。石積基礎に建ち、腰海鼠壁とする漆喰仕上げで、要所に開口を設ける。主屋と一連で街路景観を整える。,https://bunka.nii.ac.jp/heritage/43967/_133999/43967_133999628332149925241_300.jpg
101,00008358,俵種苗店店舗兼主屋,たわらしゅびょうてんてんぽけんしゅおく,1棟,,登録有形文化財(建造物),産業3次,建築物,,明治,明治中期／大正前期改修,1883-1896／1912-1918改修,木造2階建、瓦葺、建築面積118㎡,,32 － 0150,68,2010.09.10(平成22.09.10),2010.09.10(平成22.09.10),,20100910,,国土の歴史的景観に寄与しているもの,,島根県,島根県鹿足郡津和野町後田字本町ロ212,,,,,34.46879000000000,131.77440000000000,通りに東面する町家。間口１０ｍの木造つし２階建、切妻造桟瓦葺とし、東面に鉄板葺の庇を付ける。正面を広い土間の店舗とし、その奥は北寄りに通り土間、南に四間取の床上を設ける。正面には揚戸を残すなど、津和野の伝統的な町家の佇まいを伝える。,https://bunka.nii.ac.jp/heritage/43967/_134000/43967_134000111225033737133_300.jpg
101,00008359,ささや呉服店店舗兼主屋,ささやごふくてんてんぽけんしゅおく,1棟,,登録有形文化財(建造物),産業3次,建築物,,江戸,江戸末期／昭和44年改修,1830-1867／1969改修,木造2階建、瓦葺、建築面積207㎡,,32 － 0151,68,2010.09.10(平成22.09.10),2010.09.10(平成22.09.10),,20100910,,国土の歴史的景観に寄与しているもの,,島根県,島根県鹿足郡津和野町後田字本町ロ213,,合名会社さゝや,,,34.46896000000000,131.77460000000000,通りに東面する町家。間口１４ｍ木造２階建、切妻造桟瓦葺とし、銅瓦棒葺の下屋庇を付け、背面は葺き降ろす。北側の小路に大きく妻壁を見せ、庇付の窓を二ヶ所開ける。大壁造とし、両端にウダツを設け、庇には幕板を付ける。商家の表構えを残す。,https://bunka.nii.ac.jp/heritage/43967/_134001/43967_134001111225033738840_300.jpg
101,00008360,ささや呉服店座敷蔵,ささやごふくてんざしきぐら,1棟,,登録有形文化財(建造物),産業3次,建築物,,江戸,江戸末期,1830-1867,土蔵造2階建、瓦葺、建築面積32㎡,,32 － 0152,68,2010.09.10(平成22.09.10),2010.09.10(平成22.09.10),,20100910,,国土の歴史的景観に寄与しているもの,,島根県,島根県鹿足郡津和野町後田字本町ロ213,,合名会社さゝや,,,34.46891964000000,131.77439320000000,主屋の西南に位置する。桁行５．８ｍ梁間３．２ｍの土蔵造２階建、東西棟の切妻造で、桟瓦を葺く。外壁は漆喰仕上げで、２階東面に鉄格子付の窓を穿つ。１階を六畳の座敷とし、東面から南面にかけて、二段に縁を設け、磨丸太の垂木を配るなど数寄屋風意匠になる。,https://bunka.nii.ac.jp/heritage/43967/_134002/43967_134002174052751919858_300.jpg
101,00008361,ささや呉服店旧呉服蔵,ささやごふくてんきゅうごふくぐら,1棟,,登録有形文化財(建造物),産業3次,建築物,,江戸,江戸末期／昭和40年頃改修,1830-1867／1965頃改修,土蔵造2階建、瓦葺、建築面積23㎡,,32 － 0153,68,2010.09.10(平成22.09.10),2010.09.10(平成22.09.10),,20100910,,国土の歴史的景観に寄与しているもの,,島根県,島根県鹿足郡津和野町後田字本町ロ213,,合名会社さゝや,,,34.46888000000000,131.77450000000000,主屋の南、玄関を挟んで東西棟で建つ。桁行５．９ｍ梁間３．９ｍの土蔵造２階建。切妻造で、桟瓦で葺く。外壁は漆喰仕上げで、通り側には腰を海鼠壁とし、各階に瓦庇付の窓を開け、銅製の開戸を吊り、上部に家紋を飾る。主屋と一体で、街路景観を構成する。,https://bunka.nii.ac.jp/heritage/43967/_134003/43967_134003111225033742205_300.jpg
101,00008362,ささや呉服店唐津蔵,ささやごふくてんからつぐら,1棟,,登録有形文化財(建造物),産業3次,建築物,,江戸,江戸末期,1830-1867,土蔵造2階建、瓦葺、建築面積24㎡,,32 － 0154,68,2010.09.10(平成22.09.10),2010.09.10(平成22.09.10),,20100910,,国土の歴史的景観に寄与しているもの,,島根県,島根県鹿足郡津和野町後田字本町ロ213,,合名会社さゝや,,,34.46896000000000,131.77420000000000,敷地の西南に位置する。桁行６．７ｍ梁間３．７ｍの土蔵造２階建、切妻造妻入で、桟瓦を葺く。割石基礎とし、外壁は漆喰で仕上げる。東面に出入口を設け、瓦葺庇を付け、掛子塗の両開戸を吊る。上部に窓を穿ち、銅製の片開戸を設ける。屋敷景観を整える一要素。,https://bunka.nii.ac.jp/heritage/43967/_134004/43967_134004111225033744897_300.jpg
101,00008363,河田家住宅主屋,かわだけじゅうたくしゅおく,1棟,,登録有形文化財(建造物),住宅,建築物,,大正,大正期,1912-1925,木造2階建、瓦葺、建築面積170㎡,,32 － 0155,68,2010.09.10(平成22.09.10),2010.09.10(平成22.09.10),,20100910,,国土の歴史的景観に寄与しているもの,,島根県,島根県鹿足郡津和野町後田字本町ロ235-1,,,,,34.46917000000000,131.77470000000000,通りに東面する間口１１ｍの町家。切妻造桟瓦葺で、正面に鉄板葺庇を付ける。前寄り南半を店舗、その奥を通り土間、北寄りに居室等を配し、背面に便所や台所などを付設する。１階正面は店舗部分に引戸をたて、床上部は鉄格子窓とする。近代商家の面影を残す。,https://bunka.nii.ac.jp/heritage/43967/_134005/43967_134005111225033746682_300.jpg
101,00008364,津和野カトリック教会神父館,つわのかとりっくきょうかいしんぷかん,1棟,,登録有形文化財(建造物),宗教,建築物,,昭和前,昭和6年,1917,木造2階建、スレート葺、建築面積69㎡,,32 － 0156,68,2010.09.10(平成22.09.10),2010.09.10(平成22.09.10),,20100910,,国土の歴史的景観に寄与しているもの,,島根県,島根県鹿足郡津和野町後田字殿町ロ66-7,,カトリック広島司教区,,,34.46731000000000,131.77410000000000,和風庭園に西面して建つ。桁行１３ｍ梁間５．４ｍの木造２階建。寄棟造スレート葺とし、外壁は２階を下見板張、１階を腰板張、上部を板壁ペンキ塗装とする。内部は１階に事務室や応接室、食堂、２階に居室三室などを配する。地方における教会施設の一例。,https://bunka.nii.ac.jp/heritage/43967/_134006/43967_134006111225033748419_300.jpg
101,00008365,杜塾美術館本館（旧弥重家住宅主屋）,もりじゅくびじゅつかんほんかん（きゅうやじゅうけじゅうたくしゅおく）,1棟,,登録有形文化財(建造物),住宅,建築物,,明治,明治元年／平成4年改修,1868／1992改修,木造2階建、瓦葺、建築面積423㎡,,32 － 0157,68,2010.09.10(平成22.09.10),2010.09.10(平成22.09.10),,20100910,,造形の規範となっているもの,,島根県,島根県鹿足郡津和野町森村字森イ541-1,,有限会社サンデーズ,,,34.46440000000000,131.77330000000000,敷地中央に西面して建つ木造２階建で、南妻に平屋建の角屋を付設する。入母屋造で桟瓦を葺き、四周に庇をまわす。１階は北半部を広い土間とし、豪快な架構を見せる。２階座敷に大トコを構えるほか角屋に良質な座敷を設けるなど、大庄屋の風格を示す。,https://bunka.nii.ac.jp/heritage/43967/_134007/43967_134007111225033750230_300.jpg
101,00008366,杜塾美術館門（旧弥重家住宅門）,もりじゅくびじゅつかんもん（きゅうやじゅうけじゅうたくもん）,1棟,,登録有形文化財(建造物),住宅,その他工作,,明治,明治元年／平成4年改修,1868／1992改修,木造、瓦葺、間口4.5m,,32 － 0158,68,2010.09.10(平成22.09.10),2010.09.10(平成22.09.10),,20100910,,国土の歴史的景観に寄与しているもの,,島根県,島根県鹿足郡津和野町森村字森イ541-1,,有限会社サンデーズ,,,34.46448000000000,131.77310000000000,通りに西面して建つ棟門で、三間一戸とし、脇に潜りを穿つ。本柱上に冠木を架し、束をたて棟木を支持し、前後に腕木状に男梁を出し、軒桁をもち出す。一軒疎垂木。切妻造で桟瓦を葺き、棟は青海波とする。規模の大きな表門で、屋敷構えを整える。,https://bunka.nii.ac.jp/heritage/43967/_134008/43967_134008111225033752244_300.jpg
101,00008566,一畑電車布崎変電所,いちばたでんしゃぬのざきへんでんしょ,1棟,,登録有形文化財(建造物),交通,建築物,,昭和前,昭和2年／昭和29年増築,1927／1954増築,鉄筋コンクリート造2階建、建築面積289㎡,,32 － 0159,69,2011.01.26(平成23.01.26),2011.01.26(平成23.01.26),,20110126,,国土の歴史的景観に寄与しているもの,,島根県,島根県出雲市多久町888-3他,,一畑電車株式会社,,,35.45022000000000,132.85420000000000,布崎駅西側に建ち、間口二〇メートル奥行一六メートル、鉄筋コンクリート造二階建、陸屋根である。西側の当初部は大オーダーの柱型や窓枠の持送りを表すなど、直線的で左右対称の立面を構成する。一畑電鉄の電化とその後の発展を担った変電所である。,https://bunka.nii.ac.jp/heritage/43967/_134962/43967_134962111225034429118_300.jpg
101,00009370,財間酒造場店舗兼主屋,ざいましゅぞうじょうてんぽけんしゅおく,1棟,,登録有形文化財(建造物),産業2次,建築物,,江戸,江戸後期／明治中期・昭和54年改修,1751～1830／1883～1897・1979改修,木造平屋一部2階建、瓦葺、建築面積266㎡、煙突付,,32 － 0160,73,2012.08.13(平成24.08.13),2012.08.13(平成24.08.13),,20120813,,国土の歴史的景観に寄与しているもの,,島根県,島根県鹿足郡津和野町中座ロ34,,株式会社財間酒造、財間章,営利法人,,34.45409000000000,131.76880000000000,旧山陰道に面して建つ。木造平屋建、切妻造桟瓦葺、建築面積二六六平方メートル。正面中央に玄関、左手に事務室及び店舗部、右手に住居部を配する。店舗のほぼ中央に煉瓦煙突を建てる。山間部に所在する大規模な老舗造酒屋の中心建物である。,https://bunka.nii.ac.jp/heritage/43967/_194163/43967_194163244771842826570_300.jpg
101,00009371,財間酒造場新宅,ざいましゅぞうじょうしんたく,1棟,,登録有形文化財(建造物),産業2次,建築物,,大正,大正4年,1915,木造平屋建、瓦葺、建築面積102㎡,,32 － 0161,73,2012.08.13(平成24.08.13),2012.08.13(平成24.08.13),,20120813,,国土の歴史的景観に寄与しているもの,,島根県,島根県鹿足郡津和野町中座ロ34,,,,,34.45397000000000,131.76880000000000,敷地南西隅に建つ。木造平屋建、切妻造桟瓦葺、建築面積一〇二平方メートル。玄関及び前室、客間、座敷などを略田字形に配し、旧廿日市街道に沿って離れを張出す。斜面地に建つため棟を段違いとするなど複雑な屋根構成をもち、特徴的な屋敷構えをつくる。,https://bunka.nii.ac.jp/heritage/43967/_194164/43967_194164208785960152819_300.jpg
101,00009372,財間酒造場舟蔵及び百石蔵,ざいましゅぞうじょうふねくらおよびひゃっこくぐら,1棟,,登録有形文化財(建造物),産業2次,建築物,,江戸,舟蔵　江戸後期／大正期増築・昭和中期改修　百石蔵　大正期／大正期増築・昭和中期改修,舟蔵　1751～1830／1912～1926増築　百石蔵　1912～1926／1912～1926増築,土蔵造平屋建、瓦葺、建築面積423㎡,,32 － 0162,73,2012.08.13(平成24.08.13),2012.08.13(平成24.08.13),,20120813,,国土の歴史的景観に寄与しているもの,,島根県,島根県鹿足郡津和野町中座ロ34,,株式会社財間酒造,営利法人,,34.45441000000000,131.76880000000000,旧山陰道に面し、主屋の北側に舟蔵、百石蔵と連ねて建つ。土蔵造平屋建、切妻造桟瓦葺、建築面積四二三平方メートル、北妻と東面南寄りに出入口を開ける。外壁漆喰塗、腰を竪板張とし、等間隔に窓を穿つ。長大な蔵で、造酒屋らしい景観を創出する。,https://bunka.nii.ac.jp/heritage/43967/_194165/43967_194165938412535062111_300.jpg
101,00009373,財間酒造場東蔵,ざいましゅぞうじょうひがしぐら,1棟,,登録有形文化財(建造物),産業2次,建築物,,江戸,江戸後期／大正4年・昭和54年・平成15年頃改修,1751～1830／1915・1979・2003改修,土蔵造2階建、瓦葺、建築面積236㎡,,32 － 0163,73,2012.08.13(平成24.08.13),2012.08.13(平成24.08.13),,20120813,,国土の歴史的景観に寄与しているもの,,島根県,島根県鹿足郡津和野町中座ロ34,,株式会社財間酒造,営利法人,,34.45407000000000,131.76910000000000,店舗兼主屋の店舗部後方に接続する。桁行二七・六メートル梁間八・六メートル。切妻造桟瓦葺。外壁は漆喰仕上げとし、腰は、妻側は低く、平側は高く竪板を張る。二階床直上に蒸し米を冷ますための腰窓を設ける。主屋と一連で造酒屋の歴史的景観を構成する。,https://bunka.nii.ac.jp/heritage/43967/_194166/43967_194166116967211717039_300.jpg
101,00009374,財間酒造場仕込蔵,ざいましゅぞうじょうしこみぐら,1棟,,登録有形文化財(建造物),産業2次,建築物,,大正,大正13年／昭和中期・平成15年頃改修,1924／1946～1965・2003改修,土蔵造2階建、瓦葺、建築面積316㎡、渡廊下付,,32 － 0164,73,2012.08.13(平成24.08.13),2012.08.13(平成24.08.13),,20120813,,国土の歴史的景観に寄与しているもの,,島根県,島根県鹿足郡津和野町中座ロ34,,株式会社財間酒造,営利法人,,34.45421000000000,131.76930000000000,敷地東側、東蔵の北隣に平行して東西棟で建つ。切妻造桟瓦葺、桁行二七・六メートル梁間八・五六メートル、漆喰仕上げの外壁に、腰には竪板を張る。二階には東蔵に向けて渡廊下が設置される。外壁に穿つ窓を千鳥に配し、軽快な印象になる大型の酒蔵である。,https://bunka.nii.ac.jp/heritage/43967/_194167/43967_194167180770403716958_300.jpg
101,00009665,櫛代賀姫神社本殿,くししろかひめじんじゃほんでん,1棟,,登録有形文化財(建造物),宗教,建築物,,江戸,明和2,1765,木造平屋建、銅板葺、建築面積22㎡,,32 － 0167,75,2013.06.21(平成25.06.21),2013.06.21(平成25.06.21),,20130621,,国土の歴史的景観に寄与しているもの,,島根県,島根県益田市久城町963-1他,,櫛代賀姫神社,宗教法人,,34.70126000000000,131.84000000000000,拝殿後方に建つ三間社流造銅板葺で、庇部床高を本屋より一段下げて縁高欄を廻らし、庇の側面に格子をたてて前室風につくる。妻飾は豕扠首で軒は一軒繁垂木とする。当地方の神社本殿の特徴を示すとともに、細部に天正期の古材を残し、遺風を伝える。,https://bunka.nii.ac.jp/heritage/43967/_194661/43967_194661140916101436464_300.jpg
101,00010346,山常楼主屋,やまつねろうしゅおく,1棟,,登録有形文化財(建造物),産業3次,建築物,,昭和前,昭和9年頃／昭和51年改修,1934年頃／1976年改修,木造2階建、瓦葺、建築面積596㎡,,32-0168,79,2014.12.19(平成26.12.19),2014.12.19(平成26.12.19),,20141219,,国土の歴史的景観に寄与しているもの,,島根県,島根県安来市安来町字内浜1704,,,,,35.43000000000000,133.25470000000000,安来港の山陰道沿いに位置する。木造二階建の座敷棟を二棟南北に並列させ、北棟から廊下で奥座敷棟に接続する。特に北棟二階に三室続く座敷は併せて七七畳の大空間となる。広間の座敷飾や高欄腰組等の造作も贅が尽くされ、安来鋼で栄えた港町を彩る料亭建築。,https://bunka.nii.ac.jp/heritage/43967/_199119/43967_199119150807110559044_300.jpg
101,00010347,山常楼土蔵,やまつねろうどぞう,1棟,,登録有形文化財(建造物),産業3次,建築物,,江戸,大正期,1912～1926年,土蔵造2階建、瓦葺、建築面積32㎡,,32-0169,79,2014.12.19(平成26.12.19),2014.12.19(平成26.12.19),,20141219,,国土の歴史的景観に寄与しているもの,,島根県,島根県安来市安来町字内浜1704,,,,,35.42989000000000,133.25500000000000,奥座敷の南方に東西棟で建つ二階建の土蔵で、東と南に開口部を設ける。内部は東西二室に分け、それぞれに階段を持つ。東面二階の窓廻りは、庇を腕木から軒先まで丁寧に塗込め、掛子塗の扉を吊り、高い左官技術を示す。主屋とともに街道からの景観を形成する。,https://bunka.nii.ac.jp/heritage/43967/_199120/43967_199120150807110559885_300.jpg
101,00010502,中国電力株式会社豊川発電所本館,ちゅうごくでんりょくかぶしきがいしゃとよかわはつでんしょほんかん,1棟,,登録有形文化財(建造物),生活関連,建築物,,昭和前,昭和3,1928,鉄筋コンクリート造平屋一部2階建、建築面積365㎡,,32 － 0170,80,2015.03.26(平成27.03.26),2015.03.26(平成27.03.26),,20150326,,造形の規範となっているもの,,島根県,島根県益田市猪木谷町ロ458,,中国電力株式会社,営利法人,,34.60137000000000,131.85880000000000,匹見川水系の水路式発電所に建つ、鉄筋コンクリート造モルタル塗の本館。平屋建で建ちの高い発電機室と二階建の事務室からなる。石造風に目地切りした外観に、柱形を表して各間に欠円アーチ窓を並べ、軒下に蛇腹とデンティルを表すなど、洋風意匠が特徴的。,https://bunka.nii.ac.jp/heritage/43967/_199450/43967_199450151005165731965_300.jpg
101,00010503,中国電力株式会社澄川発電所本館,ちゅうごくでんりょくかぶしきがいしゃすみかわはつでんしょほんかん,1棟,,登録有形文化財(建造物),生活関連,建築物,,昭和前,昭和18,1943,鉄筋コンクリート造平屋一部2階及び地下2階建、建築面積346㎡,,32 － 0171,80,2015.03.26(平成27.03.26),2015.03.26(平成27.03.26),,20150326,,造形の規範となっているもの,,島根県,島根県益田市匹見町澄川イ1097,,中国電力株式会社,営利法人,,34.59688000000000,131.94210000000000,匹見川水系に建つ水路式発電所本館。鉄筋コンクリート造モルタル塗で、南側に高い内部空間をもつ平屋一部地下二階建の発電機室、北側に二階建の事務室を雁行配置する。いずれも装飾を排したモダニズムの内外観で、戦時下の質実を旨とした設計様相を示す。,https://bunka.nii.ac.jp/heritage/43967/_199451/43967_199451151005165733830_300.jpg
101,00010504,中国電力株式会社匹見発電所本館,ちゅうごくでんりょくかぶしきがいしゃひきみはつでんしょほんかん,1棟,,登録有形文化財(建造物),生活関連,建築物,,昭和前,昭和3,1928,コンクリートブロック造平屋一部2階建、鉄板葺、建築面積199㎡,,32 － 0172,80,2015.03.26(平成27.03.26),2015.03.26(平成27.03.26),,20150326,,造形の規範となっているもの,,島根県,島根県益田市匹見町匹見イ1702-3,,中国電力株式会社,営利法人,,34.57058000000000,132.03140000000000,匹見川水系に建つ水路式発電所本館。大振りのコンクリートブロックを積み上げた平屋建で建ちの高い発電機室と、二階建の事務室からなる。外観は柱形を並べ、方形の開口部を二段に重ねて上部に欠円アーチのニッチを表す。洋風の意匠を随所に配した瀟洒な建築。,https://bunka.nii.ac.jp/heritage/43967/_199452/43967_199452151005165735702_300.jpg
101,00010688,ごうぎんカラコロ美術館（旧山陰合同銀行北支店）,ごうぎんからころびじゅつかん（きゅうさんいんごうどうぎんこうきたしてん）,1棟,,登録有形文化財(建造物),産業3次,建築物,,大正,大正15年／平成24年改修,1926／2012改修,鉄筋コンクリート造2階地下1階建、建築面積389㎡,,32－0173,81,2015.08.04(平成27.08.04),2015.08.04(平成27.08.04),,20150804,,国土の歴史的景観に寄与しているもの,,島根県,島根県松江市殿町412,,株式会社山陰合同銀行,営利法人,,35.47037000000000,133.05410000000000,鉄筋コンクリート造二階建で、西面して建つ。営業室と客溜は二層吹抜けの大空間とし、北側に重役室などを配し、北東隅に金庫室を設ける。松江城南東の金融街に位置し、大オーダーの六本付柱、メダリオンの装飾、隅丸の石造風外壁が、地域景観の核となっている。,https://bunka.nii.ac.jp/heritage/43967/_201262/43967_201262151228153648252_300.jpg
101,00010887,出雲大社彰古館,いずもおおやしろしょうこかん,1棟,,登録有形文化財(建造物),宗教,建築物,,大正,大正3,1914,木造2階建、銅板葺、建築面積165㎡,,32 ‐ 0174,82,2015.11.17(平成27.11.17),2015.11.17(平成27.11.17),,20151117,,国土の歴史的景観に寄与しているもの,,島根県,島根県出雲市大社町杵築東195,,宗教法人出雲大社,非営利法人,,35.40253000000000,132.68490000000000,本殿の北西方にある宝物館。亀甲積基壇に建つ木造二階建、入母屋造銅板葺で、正面中央に一間切妻造の玄関を設け、二階は桁行梁間とも側廻り一間を逓減し、縁高欄を廻して安定した外観をつくる。良質のスギ材を用い、施工も丁寧で、境内空間と調和している。,https://bunka.nii.ac.jp/heritage/43967/_201722/43967_201722160322112333583_300.jpg
101,00010888,出雲大社宇迦橋大鳥居,いずもおおやしろうがばしおおとりい,1基,,登録有形文化財(建造物),宗教,その他工作物,,大正,大正4,1915,鉄筋コンクリート造、高さ23m、幅14m,,32 ‐ 0175,82,2015.11.17(平成27.11.17),2015.11.17(平成27.11.17),,20151117,,国土の歴史的景観に寄与しているもの,,島根県,島根県出雲市大社町杵築南1387-5他,,宗教法人出雲大社,非営利法人,,35.39158000000000,132.68720000000000,高さ二三メートル、基部柱間一四メートル、柱径一・八メートルを測る巨大な鉄筋コンクリート造の明神鳥居で、宇迦橋北詰に道路を跨いで建つ。旧大社駅から出雲大社に向かう神門通りに建てられた鳥居で、近代に整備された参道景観を象徴的に演出している。,https://bunka.nii.ac.jp/heritage/43967/_201723/43967_201723160322112335665_300.jpg
101,00010889,日の出館玄関棟,ひのでかんげんかんとう,1棟,,登録有形文化財(建造物),産業3次,建築物,,大正,大正5／平成3改修,1916／1991改修,木造2階建、瓦葺、建築面積78㎡,,32 ‐ 0176,82,2015.11.17(平成27.11.17),2015.11.17(平成27.11.17),,20151117,,国土の歴史的景観に寄与しているもの,,島根県,島根県出雲市大社町杵築南776,,,,,35.39519000000000,132.68690000000000,出雲大社の南に延びる参道東側に位置し、大正三年の神門通り開通後の建築である。西面して建つ木造二階建で、正面に入母屋造の玄関を備える。一階は玄関とロビー、二階は客室二室で、八畳に簡明な座敷飾を備える。近代における大社詣の歴史を物語る和風建築。,https://bunka.nii.ac.jp/heritage/43967/_201724/43967_201724160322112337192_300.jpg
101,00010890,日の出館明治棟,ひのでかんめいじとう,1棟,,登録有形文化財(建造物),産業3次,建築物,,明治,明治前期／平成3改修,1868～1882,木造2階建、瓦葺、建築面積95㎡,,32 ‐ 0177,82,2015.11.17(平成27.11.17),2015.11.17(平成27.11.17),,20151117,,国土の歴史的景観に寄与しているもの,,島根県,島根県出雲市大社町杵築南776,,,,,35.39524000000000,132.68680000000000,玄関棟北に接続し、取合状況からも玄関棟より古いと判る。南面して建つ木造二階建、切妻造桟瓦葺で、客室は一階が二室、二階が控室付の四室で、各部屋とも整った座敷飾を備え、瀟洒なつくりになる。大社詣にかかる数少ない木造旅館建築として貴重な存在。,https://bunka.nii.ac.jp/heritage/43967/_201725/43967_201725160322112338046_300.jpg
101,00010991,カラコロ工房（旧日本銀行松江支店）,からころこうぼう（きゅうにほんぎんこうまつえしてん）,1棟,,登録有形文化財(建造物),産業3次,建築物,,昭和前,昭和13／昭和56・平成12改修,1938／1981・2000改修,鉄筋コンクリート造3階地下1階建、建築面積633㎡、塔屋、煙突及び塀付,,32-0178,83,2016.02.25(平成28.02.25),2016.02.25(平成28.02.25),,20160225,,造形の規範となっているもの,,島根県,島根県松江市殿町43,,松江市,市区町村,,35.47036000000000,133.05340000000000,長野宇平治の設計で昭和一三年に完成した。鉄筋コンクリート造三階建、地下一階で、塔屋と煙突を有する。外観はギリシャ神殿風の意匠でまとめ、営業室と客溜は吹き抜けの大空間で、地下は金庫室である。当初形式をよく保持し、地域の核として親しまれている。,https://bunka.nii.ac.jp/heritage/43967/_208961/43967_208961229548561480938_300.jpg
101,00011552,福田平治・与志記念館（旧愛隣会館）,ふくだへいじ・よしきねんかん（きゅうあいりんかいかん）,1棟,,登録有形文化財(建造物),文化福祉,建築物,,昭和前,昭和6年／昭和30年頃改修、昭和34年曳家、平成28年改修,1931/1955頃改修、1959曳家、2016改修,木造2階建、鉄板葺、建築面積73㎡,,32-0179,86,2017.05.02(平成29.05.02),2017.05.02(平成29.05.02),,20170502,,国土の歴史的景観に寄与しているもの,,島根県,島根県松江市北田町48,,特定非営利活動法人福田平治・与志顕彰会,非営利法人,,35.47581000000000,133.06070000000000,育児院の講堂・礼拝堂として建てられた。木造二階建、桁行一三メートル、梁間六メートル、切妻造で、小屋組はキングポストトラスとする。外壁はドイツ壁風のモルタル仕上げとし、礼拝室両脇に縦長窓を並べ、急勾配の屋根と共に特徴的な外観を造る。,https://bunka.nii.ac.jp/heritage/43967/_210552/43967_210552612211423203155_300.jpg
101,00011553,医光寺中門,いこうじちゅうもん,1棟,,登録有形文化財(建造物),宗教,その他工作物,,江戸,江戸後期,1751～1830,木造、瓦葺、間口4.6m,,32-0180,86,2017.05.02(平成29.05.02),2017.05.02(平成29.05.02),,20170502,,国土の歴史的景観に寄与しているもの,,島根県,島根県益田市染羽町ロ195-1,,宗教法人醫光寺,非営利法人,,34.67986000000000,131.86540000000000,医光寺は市街地の東部に位置する臨済宗寺院。中門は四脚門で、切妻造、桟瓦葺とする。本柱は丸柱、控柱は角柱とし、頭貫で固め、出組組物で軒を支える。頭貫に亀甲紋を地紋彫りし、虹梁や木鼻など随所を彫刻で華やかに飾り、境内景観を特徴づけている。,https://bunka.nii.ac.jp/heritage/43967/_210389/43967_210389397518761081397_300.jpg
101,00011795,村松家住宅主屋,むらまつけじゅうたくしゅおく,1棟,,登録有形文化財(建造物),住宅,建築物,,明治,明治25年／昭和前期頃改修,1892／1926～1945頃改修,木造平屋一部2階建、瓦葺、建築面積194㎡,,32-0181,87,2017.06.28(平成29.06.28),2017.06.28(平成29.06.28),,20170628,,国土の歴史的景観に寄与しているもの,,島根県,島根県松江市新雑賀町1519他,,,,,35.46063000000000,133.06440000000000,松江城下町南の旧足軽屋敷地に建つ。木造平屋建一部二階建。屋根に左桟瓦、棟に来待石を用い地域性を示し、中廊下型の近代的様相も見せる。一〇畳座敷は一間半の畳床・狆潜・付書院を配し、長押は面皮材を用いる。縁を隔てた中庭と共に上質な空間を構成。,https://bunka.nii.ac.jp/heritage/43967/_210811/43967_210811235018335436417_300.jpg
101,00011796,村松家住宅門及び塀,むらまつけじゅうたくもんおよびへい,1棟,,登録有形文化財(建造物),住宅,その他工作物,,昭和前,昭和前期,1926～1945,門　木造、瓦葺、間口1.5m、左右袖塀付　塀　コンクリート造、総延長29m,,32-0182,87,2017.06.28(平成29.06.28),2017.06.28(平成29.06.28),,20170628,,国土の歴史的景観に寄与しているもの,,島根県,島根県松江市新雑賀町1519,,,,,35.46055000000000,133.06440000000000,門は玄関正面に建つ間口一・五メートルの腕木門で、両脇に潜戸を付ける。塀はモルタル洗い出しの笠木・柱・土台で枠をつくり、ドイツ壁風に仕上げる。伝統的な門構えと西洋風の近代意匠を併せ持ち、松江城下の戦前の景観を今に伝えている。,https://bunka.nii.ac.jp/heritage/43967/_210812/43967_210812722898256820951_300.jpg
101,00011797,酒持田本店店舗兼主屋,さけもちだほんてんてんぽけんしゅおく,1棟,,登録有形文化財(建造物),産業2次,建築物,,明治,明治10年頃／大正初期・昭和3年増築,1877頃／1912～1918・1928増築,木造2階建、瓦葺、建築面積351㎡、塀付,,32-0183,87,2017.06.28(平成29.06.28),2017.06.28(平成29.06.28),,20170628,,造形の規範となっているもの,,島根県,島根県出雲市平田町字片原町785,,,,,35.43710000000000,132.82090000000000,宍道湖西の平田町中心部に建つ。切妻造桟瓦葺で、南面する。通り土間を挟み西に一列三室の店舗、東に二列四室の居室を並べ座敷二間を張り出し、二階は三列三室。正面は平格子を構え伝統的な意匠とするが、座敷廻りや洋間など近代的な要素も見られる大型町家。,https://bunka.nii.ac.jp/heritage/43967/_210813/43967_210813684186020563205_300.jpg
101,00011798,酒持田本店旧蔵,さけもちだほんてんきゅうぐら,1棟,,登録有形文化財(建造物),産業2次,建築物,,明治,明治10年頃／大正期・昭和期増築,1877頃／1912～1926・1926～1988増築,土蔵造2階建、瓦葺、建築面積493㎡,,32-0184,87,2017.06.28(平成29.06.28),2017.06.28(平成29.06.28),,20170628,,国土の歴史的景観に寄与しているもの,,島根県,島根県出雲市平田町字片原町785-1,,株式会社酒持田本店,営利法人,,35.43739000000000,132.82080000000000,主屋の北奥に建つ。梁間四間、桁行五間、入母屋造の土蔵に増改築がなされ大屋根を架ける。内部は貯蔵庫、槽場及び倉庫から成り、一部に二階床を張る。酒造施設の中核をなす貯蔵施設であり、敷地景観を特徴付ける大型の建築である。,https://bunka.nii.ac.jp/heritage/43967/_210814/43967_210814552110979374260_300.jpg
101,00011799,酒持田本店検査場,さけもちだほんてんけんさば,1棟,,登録有形文化財(建造物),産業2次,建築物,,大正,大正初期,1912～1918,木造2階建、鋼板葺、建築面積43㎡,,32-0185,87,2017.06.28(平成29.06.28),2017.06.28(平成29.06.28),,20170628,,国土の歴史的景観に寄与しているもの,,島根県,島根県出雲市平田町字片原町785-1,,株式会社酒持田本店,営利法人,,35.43724000000000,132.82070000000000,主屋の北で旧蔵に接続する。桁行七・九メートル、梁間五・五メートルで、一階は試験室二室とし、二階は一室の休憩室とする。外壁は下見板張で、出入口にはアーチ型の庇を付ける。洋風意匠とされることの多い酒造業の検査場の好例である。,https://bunka.nii.ac.jp/heritage/43967/_210815/43967_210815622933921969385_300.jpg
101,00011800,島田家住宅主屋,しまだけじゅうたくしゅおく,1棟,,登録有形文化財(建造物),住宅,建築物,,明治,明治21年／昭和41年・同50年頃改修,1888／1966・1975頃改修,木造平屋一部2階建、瓦葺、265㎡,,32-0187,87,2017.06.28(平成29.06.28),2017.06.28(平成29.06.28),,20170628,,国土の歴史的景観に寄与しているもの,,島根県,島根県益田市乙吉町イ454,,,,,34.68220000000000,131.84810000000000,益田市中心部の小高い丘の南麓に建つ。主屋は桁行九間半、梁間六間の規模で、切妻造桟瓦葺。西半のみ二階を設ける。左手に土間を取り、床上部は三列八間取。背面東寄りには便所等を突出させる。赤瓦の大屋根が印象的な景観を形成している。,https://bunka.nii.ac.jp/heritage/43967/_210816/43967_210816089273675872711_300.jpg
101,00011801,島田家住宅酒蔵,しまだけじゅうたくさかぐら,1棟,,登録有形文化財(建造物),住宅,建築物,,江戸,江戸後期／明治期増築,1751～1830／1868～1912増築,土蔵造2階建、瓦葺、建築面積298㎡,,32-0186,87,2017.06.28(平成29.06.28),2017.06.28(平成29.06.28),,20170628,,国土の歴史的景観に寄与しているもの,,島根県,島根県益田市乙吉町イ455-2,,,,,34.68182000000000,131.84780000000000,敷地西寄りに建つ二階建土蔵。当初の東半七間と明治期の増築と思われる西半の八間半からなり、その西に短い平屋部分が延びる。南面街路側は石垣上に建ち、主体部は軒まで塗込め、屋根は石州瓦の桟瓦葺とする。白漆喰塗の外壁が特徴ある街路景観を形成する。,https://bunka.nii.ac.jp/heritage/43967/_210817/43967_210817351548197224265_300.jpg
101,00012233,旧美濃地家住宅主屋,きゅうみのじけじゅうたくしゅおく,1棟,,登録有形文化財(建造物),住宅,建築物,,江戸,江戸後期／安政2年(1855)・昭和前期・平成17年改修,1751〜1830,木造平屋一部二階建、茅葺、建築面積333㎡,,32-188,89,2018.03.27(平成30.03.27),2018.03.27(平成30.03.27),,20180327,,造形の規範となっているもの,,島根県,島根県益田市匹見町道川イ50,,益田市,市区町村,,34.64373000000000,132.09060000000000,匹見川上流の山間地に東面し、豪雪に備えた急勾配の入母屋造茅葺屋根とする。平面は左土間で、床上部は前後二列に七室を配し、前後列境を土壁で明確に仕切る。式台玄関や上の間を設け高い格式をみせ、後列の座敷にも長押を廻し旧割元庄屋の繁栄を今に伝える。,https://bunka.nii.ac.jp/heritage/43967/_353033/43967_353033783670126582985_300.jpg
101,00012234,旧美濃地家住宅米蔵,きゅうみのじけじゅうたくこめぐら,1棟,,登録有形文化財(建造物),住宅,建築物,,江戸,江戸後期／平成17年改修,1751〜1830,土蔵造2階建、瓦葺、建築面積73㎡,,32-189,89,2018.03.27(平成30.03.27),2018.03.27(平成30.03.27),,20180327,,国土の歴史的景観に寄与しているもの,,島根県,島根県益田市匹見町道川イ50,,益田市,市区町村,,34.64396000000000,132.09100000000000,敷地北東隅に主屋と庭を挟んで建つ。桁行六間、梁間三間で白漆喰を軒まで塗込め、腰は下見板を張る。妻には鳳凰と家紋の鏝絵を飾り、道路に面した二階の虫籠窓は輪郭を青色に飾る。小屋は二重梁で受けた棟木に登り梁を架ける。屋敷の表構えに風格を添える。,https://bunka.nii.ac.jp/heritage/43967/_353034/43967_353034492760872520729_300.jpg
101,00012449,保性館幽泉亭,ほせいかんゆうせんてい,1棟,,登録有形文化財(建造物),産業3次,建築物,,昭和前,昭和6年／平成元年改修,1931,木造平屋建、瓦葺、建築面積112㎡,,32-190,90,2018.05.10(平成30.05.10),2018.05.10(平成30.05.10),,20180510,,造形の規範となっているもの,,島根県,島根県松江市玉湯町玉造1191-1他,,株式会社シンリョー,営利法人,,35.41532000000000,133.00920000000000,玉造温泉にある皇族専用の宿泊棟。川島徳次郎の作で、入母屋造桟瓦葺の周囲を錣風の屋根とした重厚な構成を鉄材を用いた薄く深い軒で軽快にみせる。内部は多彩な意匠を駆使して創意あふれた数寄屋風にまとめる。当地域の大工の高度な技量が発揮された秀作。,https://bunka.nii.ac.jp/heritage/43967/_354588/43967_354588734292810898634_300.jpg
101,00012797,常松家住宅主屋,つねまつけじゅうたくしゅおく,1棟,,登録有形文化財(建造物),住宅,建築物,,明治,明治7年頃／大正頃・昭和59年改修,1874,木造平屋建、茅葺、建築面積252㎡,,32 － 191,92,2019.03.29(平成31.03.29),2019.03.29(平成31.03.29),,20190329,,造形の規範となっているもの,,島根県,島根県出雲市斐川町求院字堀川333,,,,,35.36872222000000,132.75380250000000,斐伊川東岸の集落の地主宅。主屋は敷地中央に南面して建つ。寄棟造茅葺の平屋建で四周に桟瓦葺の下屋を廻し、東側南端と西側北端に角屋を出す。東に土間、西の前後に各3室を配して中廊下を通し、前列奧を座敷とする。出雲平野の伝統的な民家形式をよく示す。,https://bunka.nii.ac.jp/heritage/43967/_367700/43967_367700591165446646103_300.jpg
101,00012798,常松家住宅離れ,つねまつけじゅうたくはなれ,1棟,,登録有形文化財(建造物),住宅,建築物,,明治,明治前期／大正頃・昭和30年代改修,1868,木造2階建、瓦葺、建築面積109㎡,,32 － 192,92,2019.03.29(平成31.03.29),2019.03.29(平成31.03.29),,20190329,,国土の歴史的景観に寄与しているもの,,島根県,島根県出雲市斐川町求院字堀川333,,,,,35.36872222000000,132.75380250000000,主屋東面に接続して建つ。南北棟の南面入母屋造、北面切妻造の桟瓦葺、二階建で四周に下屋を廻す。北端を米蔵とし、南に17畳半の広間と10畳の座敷を並べて東面に廊下を通す。二階は物置とする。主屋とＬ字形に並び建ち、屋敷構えの中核を構成している。,https://bunka.nii.ac.jp/heritage/43967/_367701/43967_367701283033078956452_300.jpg
101,00012799,常松家住宅本蔵,つねまつけじゅうたくほんぐら,1棟,,登録有形文化財(建造物),住宅,建築物,,明治,明治7年頃／平成10年頃改修,1874,土蔵造2階建、瓦葺、建築面積29㎡,,32 － 193,92,2019.03.29(平成31.03.29),2019.03.29(平成31.03.29),,20190329,,国土の歴史的景観に寄与しているもの,,島根県,島根県出雲市斐川町求院字堀川333,,,,,35.36872222000000,132.75380250000000,主屋背面に南面して建つ道具蔵。土蔵造二階建、置屋根式の切妻造桟瓦葺で南面に戸口を設ける。外壁は漆喰塗で妻を鏝絵で飾る。内部は上下階とも板敷とする。柱を半間毎に立て、小屋に大梁を用いるなど堅牢につくる。旧家の伝統的な屋敷構えを形成している。,https://bunka.nii.ac.jp/heritage/43967/_367702/43967_367702819315239900282_300.jpg
101,00012800,常松家住宅中門,つねまつけじゅうたくなかもん,1棟,,登録有形文化財(建造物),住宅,その他工作物,,明治,明治7年頃／昭和61年改修,1874,木造、瓦葺、間口1.7m,,32 － 194,92,2019.03.29(平成31.03.29),2019.03.29(平成31.03.29),,20190329,,国土の歴史的景観に寄与しているもの,,島根県,島根県出雲市斐川町求院字堀川333,,,,,35.36872222000000,132.75380250000000,主屋正面中央から南に延びる塀に設けた薬医門。間口1・7メートル、切妻造桟瓦葺で両端に大ぶりの鬼瓦を載せる。用材はすべて欅を用い、妻を蕪懸魚や桁隠等で装飾する。良材を用いた丁寧なつくりの主屋前庭を画する庭門で、旧家の表構えを格調高く整える。,https://bunka.nii.ac.jp/heritage/43967/_367703/43967_367703259999356793576_300.jpg
101,00012801,常松家住宅表門,つねまつけじゅうたくおもてもん,1棟,,登録有形文化財(建造物),住宅,その他工作物,,明治,明治7年頃／昭和61年改修,1874,木造、瓦葺、間口3.5m,,32 － 195,92,2019.03.29(平成31.03.29),2019.03.29(平成31.03.29),,20190329,,国土の歴史的景観に寄与しているもの,,島根県,島根県出雲市斐川町求院字堀川333,,,,,35.36872222000000,132.75380250000000,主屋玄関の正面に位置し、敷地南面の東寄りに建つ。間口3・5メートル、奥行1・8メートル、切妻造桟瓦葺で、間口いっぱいを門口とする。すべて杉の良材を用いる。門口回り等に改変があるが、軸組は当初材をよく残し、旧家の格式ある表構えを形成している。,https://bunka.nii.ac.jp/heritage/43967/_367704/43967_367704160493990384424_300.jpg
101,00012802,酒持田本店向座敷,さけもちだほんてんむこうざしき,1棟,,登録有形文化財(建造物),産業2次,建築物,,昭和前,昭和8年／平成22年・同25年改修,1933,木造2階建、瓦葺、建築面積162㎡,,32 － 196,92,2019.03.29(平成31.03.29),2019.03.29(平成31.03.29),,20190329,,国土の歴史的景観に寄与しているもの,,島根県,島根県出雲市平田町字片原町810,,,,,35.44215389000000,132.81780694000000,市東部の平田町中心部の商家。向座敷は街道を挟んで主屋と向き合い、北面して建つ。切妻造桟瓦葺、建ちの高い総二階建で、背面を運河に面し、中央部に運河に抜ける通路（カケダシ）を設ける。内部に改変があるが外観や平面構成に伝統形式をよく留めている。,https://bunka.nii.ac.jp/heritage/43967/_367705/43967_367705571537653046477_300.jpg
101,00012803,酒持田本店土蔵,さけもちだほんてんどぞう,1棟,,登録有形文化財(建造物),産業2次,建築物,,明治,明治後期／昭和47年改修,1898～1912,土蔵造2階地下1階建、瓦葺、建築面積31㎡,,32 － 197,92,2019.03.29(平成31.03.29),2019.03.29(平成31.03.29),,20190329,,国土の歴史的景観に寄与しているもの,,島根県,島根県出雲市平田町字片原町810,,株式会社酒持田本店　,営利法人,,35.44215389000000,132.81780694000000,向座敷の東隣に北面して建つ。土蔵造二階建、切妻造桟瓦葺妻入で、正面に下屋を付す。外壁は漆喰塗で鉢巻三段を廻し、正面の腰を海鼠壁とする。内部は上下階とも板敷で運河に面する背面側を懸造状につくり地下室を設ける。商家町の歴史的景観を形成している。,https://bunka.nii.ac.jp/heritage/43967/_367706/43967_367706775784917879846_300.jpg
101,00012804,上野家住宅主屋,うえのけじゅうたくしゅおく,1棟,,登録有形文化財(建造物),住宅,建築物,,江戸,江戸後期／大正頃・昭和6年頃・同45年改修,1751～1830,木造平屋建、茅葺、建築面積145㎡,,32 － 198,92,2019.03.29(平成31.03.29),2019.03.29(平成31.03.29),,20190329,,造形の規範となっているもの,,島根県,島根県出雲市大社町菱根字山路1130,,,,,35.39651278000000,132.70166583000000,北山山系南裾の集落の名主宅。主屋は旧大社街道に面する敷地中央に南面して建つ。入母屋造茅葺の平屋建で、四周に桟瓦葺の下屋を廻す。東に土間、西の前後に各3室を配して南西二面に縁を廻し、前列奧に座敷を設ける。出雲地方の伝統形式を伝える近世民家。,https://bunka.nii.ac.jp/heritage/43967/_367707/43967_367707155901723785203_300.jpg
101,00012805,上野家住宅奥座敷,うえのけじゅうたくおくざしき,1棟,,登録有形文化財(建造物),住宅,建築物,,明治,明治27年頃,1894,木造2階建、瓦葺、建築面積38㎡,,32 － 199,92,2019.03.29(平成31.03.29),2019.03.29(平成31.03.29),,20190329,,造形の規範となっているもの,,島根県,島根県出雲市大社町菱根字山路1130,,,,,35.39651278000000,132.70166583000000,主屋の西側に接続して建つ。切妻造桟瓦葺の二階建で正背面に下屋を付す。内部は上下階とも8畳の座敷と3畳の控間からなる。正面は下屋全面を硝子戸、二階を両端戸袋付の硝子窓とするなど開放的につくる。出雲地方における民家の近代的な展開をよく示す。,https://bunka.nii.ac.jp/heritage/43967/_367708/43967_367708701616457786429_300.jpg
101,00012806,上野家住宅土蔵,うえのけじゅうたくどぞう,1棟,,登録有形文化財(建造物),住宅,建築物,,江戸,天明8年（1788）／江戸後期移築、明治27年頃増築,1788,土蔵造2階建、瓦葺、建築面積27㎡,,32 － 200,92,2019.03.29(平成31.03.29),2019.03.29(平成31.03.29),,20190329,,国土の歴史的景観に寄与しているもの,,島根県,島根県出雲市大社町菱根字山路1130,,,,,35.39651278000000,132.70166583000000,奥座敷の西側に連続して建つ家財蔵。土蔵造二階建、置屋根式の切妻造桟瓦葺で、東端1間の棟を切上げる。外壁は漆喰塗で北面東端に戸口を設ける。内部は上下階とも板敷、小屋は登梁とする。主屋、奥座敷と並び建ち、集落の歴史的景観を形成している。,https://bunka.nii.ac.jp/heritage/43967/_367709/43967_367709653380271852846_300.jpg
101,00012980,旧槙原製鉄場角炉,きゅうまきはらせいてつじょうかくろ,1構,,登録有形文化財(建造物),産業2次,その他工作物,,昭和前,昭和10年／平成4年改修,1935,煉瓦造、高さ10m,,32 － 201,93,2019.09.10(令和1.09.10),2019.09.10(令和1.09.10),,20190910,,造形の規範となっているもの,,島根県,島根県仁多郡奥出雲町上阿井1325-6,,奥出雲町,市区町村,,35.12033333000000,132.94377778000000,町南部のたたら角炉伝承館にある銑鉄用溶鉱炉。炉高10・3メートル、長方形平面の煉瓦積で、四隅と外周9箇所を鉄骨で補強する。長辺中ほどの表裏に投入口、短辺基部の表裏に出銑口と排滓口を設ける。山陰地方における近代製鉄技術の実態を示す貴重な遺構。,https://bunka.nii.ac.jp/heritage/43967/_368059/43967_368059457486591884341_300.jpg
101,00013179,島根県庁舎本庁舎,しまねけんちょうしゃほんちょうしゃ,1棟,,登録有形文化財(建造物),官公庁舎,建築物,,昭和中,昭和34年／平成14年・同26年改修,1959,鉄筋コンクリート造地上6階地下2階建、建築面積2691㎡、塔屋付,,32 － 0202,94,2019.12.05(令和1.12.05),2019.12.05(令和1.12.05),,20191205,,造形の規範となっているもの,,島根県,島根県松江市殿町１,,島根県,都道府県,,35.47244167000000,133.05049722000000,松江城三の丸跡地内に建つ県庁舎の本庁舎。鉄筋コンクリート造で、一階をピロティとし、中庭を設けて執務室等を南向きに配する。外観はコンクリート打放し仕上の柱梁を現して窓開口を広くとり、各階に白い庇を廻らす。地方におけるモダニズム庁舎建築の好例。,https://bunka.nii.ac.jp/heritage/43967/_368405/43967_368405429915478923137_300.jpg
101,00013180,島根県庁舎議事堂,しまねけんちょうしゃぎじどう,1棟,,登録有形文化財(建造物),官公庁舎,建築物,,昭和中,昭和34年／平成26年改修,1959,鉄筋コンクリート造2階一部3階建、建築面積1951㎡,,32 － 0203,94,2019.12.05(令和1.12.05),2019.12.05(令和1.12.05),,20191205,,造形の規範となっているもの,,島根県,島根県松江市殿町１,,島根県,都道府県,,35.47185278000000,133.05030000000000,庁舎棟南に渡廊下を介して接続する議事堂。鉄筋コンクリート造で、議場を二階中央に配し、天井を高くとる。外部の仕上や構成は庁舎棟と同様で、庇で水平線を強調し、二階バルコニー中央に縦ルーバーを入れ正面を構成する。本庁舎と共にモダニズム建築の好例。,https://bunka.nii.ac.jp/heritage/43967/_368324/43967_368324447361368969859_300.jpg
101,00013181,旧島根県立博物館（島根県庁第三分庁舎）,きゅうしまねけんりつはくぶつかん（しまねけんちょうだいさんぶんちょうしゃ）,1棟,,登録有形文化財(建造物),文化福祉,建築物,,昭和中,昭和33年／平成25年改修,1958,鉄筋コンクリート造3階建、建築面積426㎡,,32 － 0204,94,2019.12.05(令和1.12.05),2019.12.05(令和1.12.05),,20191205,,造形の規範となっているもの,,島根県,島根県松江市殿町１,,島根県,都道府県,,35.47113889000000,133.05155556000000,松江城の南側に建つ、鉄筋コンクリート造の旧博物館。張出した箱状の三階を三列の柱で持上げ、一、二階はベランダや吹抜けで開放的とする。景観に馴染むよう白と黒を基調とし、屋根を折板構造とする等の工夫をしつつ、設計者菊竹清訓の作風がよく現れている。,https://bunka.nii.ac.jp/heritage/43967/_368308/43967_368308578263858956793_300.jpg
101,00013629,旧都野津町役場（佐々木凖三郎記念館）,きゅうつのづちょうやくば（ささきじゅんざぶろうきねんかん）,1棟,,登録有形文化財(建造物),官公庁舎,建築物,,昭和前,昭和12年,1937,木造2階建、瓦葺、建築面積210㎡,,32 － 0205,97,2021.02.04(令和3.02.04),2021.02.04(令和3.02.04),,20210204,,国土の歴史的景観に寄与しているもの,,島根県,島根県江津市都野津町2088他,,江津市,市区町村,,34.99042778000000,132.19097222000000,都野津の中心部に建つ。角地に建ちスクラッチタイル貼で大振りな柱形を作るなど鉄筋コンクリート造風にみせる。玄関を入ると公衆溜で奥を諸室にあて、二階は一室の広間とする。当時流行した日本趣味あるいはライト風の地方伝播の一例とも目される木造役場。,https://bunka.nii.ac.jp/heritage/43967/_504998/43967_504998521366484116578_300.jpg
101,00013630,藤代酒店店舗兼主屋,ふじしろさけてんてんぽけんおもや,1棟,,登録有形文化財(建造物),産業2次,建築物,,明治,明治後期,1898～1912,木造2階建、瓦葺、建築面積188㎡,,32 － 0206,97,2021.02.04(令和3.02.04),2021.02.04(令和3.02.04),,20210204,,国土の歴史的景観に寄与しているもの,,島根県,島根県江津市都野津町2283-16他,,,,,34.98698333000000,132.18934444000000,都野津の駅前通りに西面して建つ。つし二階建切妻造桟瓦葺平入で、下屋を三方に廻らす。通り土間沿いにミセや事務室をおき、上手は座敷や居間等の二列四室構成とする。奥に台所を突出させる。石州赤瓦や二階窓脇の瓢箪鏝絵などに地域の町家の特徴を示す。,https://bunka.nii.ac.jp/heritage/43967/_504999/43967_504999884142512599018_300.jpg
101,00013631,藤代酒店客殿,ふじしろさけてんきゃくでん,1棟,,登録有形文化財(建造物),産業2次,建築物,,昭和前,昭和前期,1926～1945,木造平屋建、瓦葺、建築面積66㎡,,32 － 0207,97,2021.02.04(令和3.02.04),2021.02.04(令和3.02.04),,20210204,,国土の歴史的景観に寄与しているもの,,島根県,島根県江津市都野津町2283-14他,,,,,34.98689722000000,132.18931944000000,前面道路から前庭をはさみ主屋南脇に建つ。平屋建入母屋造で石州赤瓦を葺く。中央の座敷、東の次の間からなり前庭側に広縁、背面側に便所、浴室を配する。座敷の床構えは違い棚、書院を備えた端正な意匠を持つ。周囲の庭とともに良好な屋敷構えを構成する。,https://bunka.nii.ac.jp/heritage/43967/_505000/43967_505000755445742081379_300.jpg
101,00013632,藤代酒店土蔵,ふじしろさけてんどぞう,1棟,,登録有形文化財(建造物),産業2次,建築物,,明治,明治後期,1898～1912,土蔵造2階建、瓦葺、建築面積24㎡,,32 － 0208,97,2021.02.04(令和3.02.04),2021.02.04(令和3.02.04),,20210204,,国土の歴史的景観に寄与しているもの,,島根県,島根県江津市都野津町2283-続1,,,,,34.98685000000000,132.18941111000000,客殿の東に接続し北面して建つ。東西棟とし土蔵造二階建切妻造で石州赤瓦を葺く。北面の戸前には庇を差し掛ける。破風の拝みに色漆喰で紐と房を鏝絵で飾り、妻は藤の字をかたどる。内部は一階は東西二室とし、二階は一室である。屋敷構えの一角を構成する。,https://bunka.nii.ac.jp/heritage/43967/_505001/43967_505001699964790867347_300.jpg
101,00013633,藤代酒店旧酒蔵（酒蔵館）,ふじしろさけてんもとさかぐら（さかぐらかん）,1棟,,登録有形文化財(建造物),産業2次,建築物,,明治,明治後期／平成14年・同28年改修,1898～1912,土蔵造2階建、瓦葺、建築面積222㎡,,32 － 0209,97,2021.02.04(令和3.02.04),2021.02.04(令和3.02.04),,20210204,,国土の歴史的景観に寄与しているもの,,島根県,島根県江津市都野津町2283他,,,,,34.98705000000000,132.18956111000000,主屋北に建ち、土間で接続する。東西棟で二階建切妻造とし石州赤瓦を葺く。北東隅を戸前とし、漆喰仕上で腰は板張とする。醸造蔵であったが規模を縮小し、一階の一部を展示室、他を二階とともに居室とした。主屋等とともに都野津の酒造の歴史を伝える。,https://bunka.nii.ac.jp/heritage/43967/_505002/43967_505002083770522370042_300.jpg
101,00013885,旧島根県立博物館新館（島根県庁第三分庁舎）,きゅうしまねけんりつはくぶつかんしんかん（しまねけんちょうだいさんぶんちょうしゃしんかん）,1棟,,登録有形文化財(建造物),文化福祉,建築物,,昭和後,昭和44年,1969,鉄筋コンクリート造3階建、建築面積350㎡,,32 － 0210,99,2021.06.24(令和3.06.24),2021.06.24(令和3.06.24),,20210624,,造形の規範となっているもの,,島根県,島根県松江市殿町1,,島根県,都道府県,,35.47116389000000,133.05130000000000,菊竹清訓設計の博物館新館。鉄筋コンクリート造三階建で、同設計者の本館同様、収蔵施設を上階に持上げ、下部は開放的な展示室。仕上も下層を打放し、上層を白セメントで塗分ける。壁柱の多用や大スパンをとばす梁の表現等に設計者のデザインがよく表れる。,https://bunka.nii.ac.jp/heritage/43967/_507843/43967_507843748070968420075_300.jpg
101,00013886,島根県民会館,しまねけんみんかいかん,1棟,,登録有形文化財(建造物),文化福祉,建築物,,昭和後,昭和43年,1968,鉄筋コンクリート造一部鉄骨造地上4階地下1階建、建築面積3，893㎡、塔屋付,,32 － 0211,99,2021.06.24(令和3.06.24),2021.06.24(令和3.06.24),,20210624,,造形の規範となっているもの,,島根県,島根県松江市殿町158,,島根県,都道府県,,35.47272500000000,133.05303889000000,鉄筋コンクリート造一部鉄骨造地下一階地上四階建。大ホール他展示室、会議室等を持つ総合施設。松江城大手前にあり、中心にホール、周囲に低層の会議室などを配して周辺環境に配慮。堀を挟んで建つ県庁舎のピロティとあわせて列柱を外部に並べて調和を図る。,https://bunka.nii.ac.jp/heritage/43967/_507844/43967_507844576751673493313_300.jpg
101,00013887,島根県立図書館,しまねけんりつとしょかん,1棟,,登録有形文化財(建造物),文化福祉,建築物,,昭和後,昭和43年,1968,鉄筋コンクリート造一部鉄骨造2階建、建築面積2，012㎡,,32 － 0212,99,2021.06.24(令和3.06.24),2021.06.24(令和3.06.24),,20210624,,造形の規範となっているもの,,島根県,島根県松江市内中原町52,,島根県,都道府県,,35.47322778000000,133.04898333000000,鉄筋コンクリート造一部鉄骨造二階建の図書館。菊竹清訓設計。Ｌ字形の閲覧室のモジュールを敷地形状にあわせて配置し、中央ロビーに鉄骨屋根を架け、展示や休憩スペース等を配した合理的な平面構成。外部壁柱を松江城山公園に向けて揃え、眺望を確保した。,https://bunka.nii.ac.jp/heritage/43967/_507845/43967_507845603076806469770_300.jpg
101,00013888,島根県立武道館,しまねけんりつぶどうかん,1棟,,登録有形文化財(建造物),文化福祉,建築物,,昭和後,昭和45年,1970,鉄筋コンクリート造一部鉄骨造2階建、建築面積1，704㎡,,32 － 0213,99,2021.06.24(令和3.06.24),2021.06.24(令和3.06.24),,20210624,,造形の規範となっているもの,,島根県,島根県松江市内中原町52,,島根県,都道府県,,35.47191667000000,133.04908889000000,鉄筋コンクリート造一部鉄骨造二階建で、柔剣道場四面にトレーニング場等付属施設を備えた総合体育館。菊竹清訓設計。隣接する図書館とは対照的に閉鎖的外観を持つ。二階に設けられた道場は、大空間の屋根を支える全長四〇メートルの鉄骨トラス梁が目を引く。,https://bunka.nii.ac.jp/heritage/43967/_507846/43967_507846665695539668287_300.jpg
101,00014085,旧濱中屋船宿（福間館別館）,きゅうはまなかやふなやど（ふくまかんべっかん）,1棟,,登録有形文化財(建造物),産業3次,建築物,,明治,明治44年頃,1911,木造2階建、瓦葺、建築面積78㎡,,32 - 0214,100,2021.10.14(令和3.10.14),2021.10.14(令和3.10.14),,20211014,,国土の歴史的景観に寄与しているもの,,島根県,島根県松江市美保関町美保関296,,,,,35.56142222000000,133.31142222000000,美保関東端の通りに南面する船宿。二階建切妻造桟瓦葺で軒は出桁造。内部は東に通り土間、西に一列二室を配し、二階は前後に三室配置。出桁や木鼻付持送など美保関の町家の特徴を示す。二階の建ちの高い整った座敷から湾を眺望でき、船宿の特徴をよく残す。,https://bunka.nii.ac.jp/heritage/43967/_508345/43967_508345082015906683436_300.jpg
101,00014086,三代家住宅主屋,みしろけじゅうたくおもや,1棟,,登録有形文化財(建造物),住宅,建築物,,江戸,文久2年（1862）／昭和5年改修,1862,木造2階建、瓦葺、建築面積140㎡,,32 - 0215,100,2021.10.14(令和3.10.14),2021.10.14(令和3.10.14),,20211014,,国土の歴史的景観に寄与しているもの,,島根県,島根県松江市美保関町美保関581他,,,,,35.56272778000000,133.30776667000000,美保神社東方、廻船問屋が建並ぶ青石畳通に位置する町家。二階建切妻造桟瓦葺。玄関両脇に格子を建て、下屋を通し軒は一、二階とも木鼻付の持送で出桁を受ける。玄関東は洋間、西は表座敷で茶の間を背後に突出。幕末の建物を昭和に改修し、街路景観をつくる。,https://bunka.nii.ac.jp/heritage/43967/_508346/43967_508346813663226810903_300.jpg
